Offer ID,Merchant,Network,Category,Geo,Commission,Cookie (Days),PPC Allowed,Brand Bidding Allowed,Direct Link Allowed,Landing Required,Status,Notes
OFFER-001,Proxy-Seller,Direct,Proxy,Global,30%,30,HOLD (Needs Written Consent),No,No,Yes,HOLD (Pending PPC Consent),KYC Verified. Request forwarded to Affiliate Dept by Julia. Awaiting Affiliate Manager contact.
OFFER-002,IPRoyal,Impact,Proxy,Global,7-10%,30,Yes,No,No,Yes,Pending,Submitted via Impact. Waiting for review.
OFFER-003,Kinsta,Direct,Hosting,Global,10% recurring + $50-500,60,Yes,No,No,Yes,Rejected,Rejected: Lacks abundant WordPress/Web Dev content on site.
OFFER-004,Hostinger,Direct,Hosting,Global,60%,30,Yes,No,No,Yes,Pending,Submitted direct.
OFFER-005,HubSpot,Impact,CRM,Global,15-100%,90,Yes (Non-Brand via Website),No,No,Yes,Hold (Re-review at 1k traffic),Mary Rose Gadayan (mgadayan@hubspot.com) confirmed Non-Brand PPC via website is allowed. Re-review once verifyreviews.net hits 1,000 monthly visits.
OFFER-006,InVideo,Impact,AI Video,Global,25-50%,30,Yes,No,No,Yes,Rejected (Appeal Pending),Declined on Impact (Lack of alignment / partner size). Appeal email prepared.
OFFER-007,Semrush,Impact,SEO,Global,$200/sale,120,Yes,No,No,Yes,Pending,Submitted via Impact.
OFFER-008,Kit (ConvertKit),PartnerStack,Email/Creator,Global,50% 12-mo,90,No,No,No,Yes,Rejected (No PPC Allowed),Kit explicitly forbids paid search ads (PPC). Requires organic creator/newsletter promotion model.
OFFER-009,ElevenLabs,Rewardful/Direct,AI Voice,Global,30-50%,30,Yes,No,No,Yes,Active (Approved),Link: https://try.elevenlabs.io/3v3m820x4eu1 | #1 AI Voice Generator.
AW-348,Fiuti,Direct / Affiliate.Watch,GOOGLEADS,Global,40% Commission,30,Check Terms,No,No,Yes,Research (Scraped),Web: https://fiuti.com | AI Rating: 68.81
AW-2672,Solvera,Direct / Affiliate.Watch,GOOGLEADS,Global,30% Lifetime Commission,90,Check Terms,No,No,Yes,Research (Scraped),Web: https://solvera.cz | AI Rating: 65.01
AW-1491,iubenda,Direct / Affiliate.Watch,SAAS,Global,35-40% Commission,30,Check Terms,No,No,Yes,Pending (Submitted),Application submitted via Impact/Direct using verifyreviews.net.
AW-1429,Reclaim AI,Direct / Affiliate.Watch,SAAS,Global,25% Recurring Commission + $0.25/Signup,90,Check Terms,No,No,Yes,Research (Scraped),Web: https://reclaim.ai | AI Rating: 85.42
AW-913,Sendcloud,Direct / Affiliate.Watch,SAAS,Global,35€ Per Sale or 10% Recurring,60,Check Terms,No,No,Yes,Research (Scraped),Web: https://sendcloud.com | AI Rating: 84.35
AW-1566,Tolt,Direct / Affiliate.Watch,SAAS,Global,25% Recurring Commission,30,Check Terms,No,No,Yes,Research (Scraped),Web: https://tolt.io | AI Rating: 83.32
AW-817,TextMagic,Direct / Affiliate.Watch,SAAS,Global,20-30% Commission,60,Check Terms,No,No,Yes,Research (Scraped),Web: https://textmagic.com | AI Rating: 82.08
AW-300,SurveySparrow,Direct / Affiliate.Watch,SAAS,Global,25% Recurring Commission,90,Check Terms,No,No,Yes,Research (Scraped),Web: https://surveysparrow.com | AI Rating: 81.98
AW-2331,Link My Books,Direct / Affiliate.Watch,SAAS,Global,20% Lifetime + $200 Onboarding Bonus,90,Check Terms,No,No,Yes,Research (Scraped),Web: https://www.linkmybooks.com | AI Rating: 81.35
AW-1567,Trackdesk,Direct / Affiliate.Watch,SAAS,Global,25-30% Recurring Commission,90,Check Terms,No,No,Yes,Research (Scraped),Web: https://trackdesk.com | AI Rating: 80.34
AW-1528,Brand24,Direct / Affiliate.Watch,SAAS,Global,20%-30% Commission,90,Check Terms,No,No,Yes,Research (Scraped),Web: https://brand24.com/ | AI Rating: 79.86
AW-206,Spocket,Direct / Affiliate.Watch,SAAS,Global,Earn up to $450 per customer,90,Check Terms,No,No,Yes,Research (Scraped),Web: https://spocket.co | AI Rating: 79.67
AW-1461,Watermarkly,Direct / Affiliate.Watch,SAAS,Global,30% Commission + Residuals,60,Check Terms,No,No,Yes,Research (Scraped),Web: https://watermarkly.com | AI Rating: 79.07
AW-1459,Tapfiliate,Direct / Affiliate.Watch,SAAS,Global,$178 or 20% Recurring Commission,45,Check Terms,No,No,Yes,Research (Scraped),Web: https://tapfiliate.com | AI Rating: 79.04
AW-1539,Reditus,Direct / Affiliate.Watch,SAAS,Global,30-40% Commission For 2-3 Years,60,Check Terms,No,No,Yes,Research (Scraped),Web: https://www.getreditus.com | AI Rating: 78.54
AW-598,Taiga,Direct / Affiliate.Watch,SAAS,Global,30% Recurring Commission For 1 Year,90,Check Terms,No,No,Yes,Research (Scraped),Web: https://taiga.io | AI Rating: 78.48
AW-1340,Krater.ai,Direct / Affiliate.Watch,SAAS,Global,25% Recurring 1 Year,89,Check Terms,No,No,Yes,Research (Scraped),Web: https://krater.ai | AI Rating: 76.61
AW-1556,Ideamap,Direct / Affiliate.Watch,SAAS,Global,20-50% Commission For 1 Year,60,Check Terms,No,No,Yes,Research (Scraped),Web: https://ideamap.ai | AI Rating: 75.89
AW-1197,PDFLiner,Direct / Affiliate.Watch,SAAS,Global,40% Commission + 20% Recurring,60,Check Terms,No,No,Yes,Research (Scraped),Web: https://pdfliner.com | AI Rating: 74.65
AW-1558,PromoteKit,Direct / Affiliate.Watch,SAAS,Global,30% Recurring Commission,60,Check Terms,No,No,Yes,Research (Scraped),Web: https://www.promotekit.com/ | AI Rating: 74.26
AW-236,VYPER,Direct / Affiliate.Watch,SAAS,Global,25% Recurring Commission + 2 Tier,30,Check Terms,No,No,Yes,Research (Scraped),Web: https://vyper.io | AI Rating: 73.92
AW-1584,DocuEase,Direct / Affiliate.Watch,SAAS,Global,$17-$699 Per Sale,90,Check Terms,No,No,Yes,Research (Scraped),Web: https://docuease.com | AI Rating: 73.79
AW-1767,Sully.ai,Direct / Affiliate.Watch,SAAS,Global,20% Commission For 1 Year,30,Check Terms,No,No,Yes,Research (Scraped),Web: https://www.sully.ai | AI Rating: 72.28
AW-482,SaaS Manta,Direct / Affiliate.Watch,SAAS,Global,20% Commission,60,Check Terms,No,No,Yes,Research (Scraped),Web: https://saasmantra.com | AI Rating: 71.79
AW-258,Woodpecker,Direct / Affiliate.Watch,SAAS,Global,20% Recurring Commission,30,Check Terms,No,No,Yes,Research (Scraped),Web: https://woodpecker.co | AI Rating: 70.77
AW-469,JivoChat,Direct / Affiliate.Watch,SAAS,Global,30% Recurring Commission + 2 Tier,,Check Terms,No,No,Yes,Research (Scraped),Web: https://jivochat.com | AI Rating: 70.75
AW-1198,OrderDive,Direct / Affiliate.Watch,SAAS,Global,75% Commission For 1 Year,60,Check Terms,No,No,Yes,Research (Scraped),Web: https://get.orderdive.com | AI Rating: 69.65
AW-1532,Box,Direct / Affiliate.Watch,AI,Global,$20-$150 Per Sale,30,Check Terms,No,No,Yes,Research (Scraped),Web: https://www.box.com | AI Rating: 91.00
AW-1575,FlexClip,Direct / Affiliate.Watch,AI,Global,30-35% Per Sale,90,Check Terms,No,No,Yes,Research (Scraped),Web: https://www.flexclip.com | AI Rating: 90.90
AW-1549,Notion,Direct / Affiliate.Watch,AI,Global,Up To $50 Per Sale + 20% For 1 Year,90,Check Terms,No,No,Yes,Research (Scraped),Web: https://www.notion.com | AI Rating: 88.83
AW-1484,Pictory,Direct / Affiliate.Watch,AI,Global,20-50% Recurring Commission + 2 Tier,9999,Check Terms,No,No,Yes,Rejected,Application rejected via Impact. No impact on active B2B campaigns.
AW-1151,LALAL.AI,Direct / Affiliate.Watch,AI,Global,30% Commission,180,Check Terms,No,No,Yes,Research (Scraped),Web: https://lalal.ai | AI Rating: 85.57
AW-1533,Leonardo Ai,Direct / Affiliate.Watch,AI,Global,60% Commission,30,Check Terms,No,No,Yes,Research (Scraped),Web: https://leonardo.ai | AI Rating: 85.18
AW-1464,Synthesia,Direct / Affiliate.Watch,AI,Global,25% Commission For 1 Year,60,Check Terms,No,No,Yes,Research (Scraped),Web: https://synthesia.io | AI Rating: 84.92
AW-1492,BasedLabs,Direct / Affiliate.Watch,AI,Global,40% Recurring Commission,60,Check Terms,No,No,Yes,Removed (No Affiliate),Removed: Program not active or no public affiliate portal.
AW-1390,Imagine AI Art,Direct / Affiliate.Watch,AI,Global,15-35% Commision,45,Check Terms,No,No,Yes,Research (Scraped),Web: https://imagine.art | AI Rating: 83.48
AW-1536,Murf AI,Direct / Affiliate.Watch,AI,Global,20% Commission For 2 Years,90,Check Terms,No,No,Yes,Research (Scraped),Web: https://murf.ai | AI Rating: 82.62
AW-4,Grammarly,Direct / Affiliate.Watch,AI,Global,$0.20 Per Lead / $20 Per Sale,90,Check Terms,No,No,Yes,Research (Scraped),Web: https://grammarly.com | AI Rating: 81.55
AW-1522,Routine,Direct / Affiliate.Watch,AI,Global,40% Commission For 1 Year,60,Check Terms,No,No,Yes,Research (Scraped),Web: https://routine.co | AI Rating: 79.37
AW-1417,Tidio,Direct / Affiliate.Watch,AI,Global,30% recurring commission,30,Check Terms,No,No,Yes,Research (Scraped),Web: https://tidio.com | AI Rating: 77.29
AW-1686,Rizzle,Direct / Affiliate.Watch,AI,Global,25% Commission For 1 Year,60,Check Terms,No,No,Yes,Research (Scraped),Web: https://rizzle.com | AI Rating: 75.15
AW-1538,Colossyan,Direct / Affiliate.Watch,AI,Global,25% Commission For 1 Year,30,Check Terms,No,No,Yes,Research (Scraped),Web: https://colossyan.com | AI Rating: 74.75
AW-1480,Talkio AI,Direct / Affiliate.Watch,AI,Global,30% Commission For 1 Year,60,Check Terms,No,No,Yes,Research (Scraped),Web: https://talkio.ai | AI Rating: 73.18
AW-1440,Coursebox,Direct / Affiliate.Watch,AI,Global,50% On 1st Purchase,30,Check Terms,No,No,Yes,Research (Scraped),Web: https://coursebox.ai | AI Rating: 72.75
AW-1275,Deepbrain AI,Direct / Affiliate.Watch,AI,Global,30% Commission,60,Check Terms,No,No,Yes,Research (Scraped),Web: https://www.deepbrain.io | AI Rating: 72.12
AW-1616,Thinkbuddy,Direct / Affiliate.Watch,AI,Global,20% Commission For 1 Year,90,Check Terms,No,No,Yes,Research (Scraped),Web: https://thinkbuddy.ai | AI Rating: 72.02
AW-1200,Draw3D,Direct / Affiliate.Watch,AI,Global,Up To $6 Per Sale,7,Check Terms,No,No,Yes,Research (Scraped),Web: https://draw3d.online | AI Rating: 65.16
AW-1500,Durable,Direct / Affiliate.Watch,AI,Global,25% Recurring Commission,,Check Terms,No,No,Yes,Research (Scraped),Web: https://durable.co | AI Rating: 63.46
AW-1163,Bright Data,Direct / Affiliate.Watch,PROXY,Global,50% Revenue Share,90,Check Terms,No,No,Yes,Removed (Requires Consent Ticket),Removed: Requires custom ticket permission before PPC.
AW-321,Surfshark,Direct / Affiliate.Watch,PROXY,Global,40% Commission,30,Check Terms,No,No,Yes,Research (Scraped),Web: https://surfshark.com | AI Rating: 87.62
AW-1537,Webshare,Direct / Affiliate.Watch,PROXY,Global,50% 1st Month / 10% Life,30,Yes (Flexible Non-Brand PPC),No (Section 8 Restrictions),No,Yes,Active (Running Ads),Link: https://www.webshare.io/?referral_code=6nm31jjeri4v | 50% 1st Month + 10% Lifetime. Live on best-proxies.html & webshare-proxy-review.html with Google Tag tracking. BE-CPC zsh.62, Target CPC zsh.50. Score: 87/100.
AW-551,IP2Location,Direct / Affiliate.Watch,PROXY,Global,10% Recurring Commission,3650,Check Terms,No,No,Yes,Research (Scraped),Web: https://ip2location.com | AI Rating: 83.13
AW-697,X-VPN,Direct / Affiliate.Watch,PROXY,Global,30-100% Commission / 30% For Life,30,Check Terms,No,No,Yes,Research (Scraped),Web: https://xvpn.io | AI Rating: 83.04
AW-890,Oxylabs,Direct / Affiliate.Watch,PROXY,Global,50% Commission + Recurring,30,Check Terms,No,No,Yes,Research (Scraped),Web: https://oxylabs.io | AI Rating: 82.31
AW-829,Proxy-Seller,Direct / Affiliate.Watch,PROXY,Global,30% Commission / 10% For Life,365,HOLD (Needs Written Consent),No,No,Yes,HOLD (Pending PPC Consent),KYC Verified. Request forwarded to Affiliate Dept by Julia. Awaiting Affiliate Manager contact.
AW-2260,711Proxy,Direct / Affiliate.Watch,PROXY,Global,10% Lifetime Commission,365,Check Terms,No,No,Yes,Research (Scraped),Web: https://www.711proxy.com | AI Rating: 79.08
AW-688,TorGuard,Direct / Affiliate.Watch,PROXY,Global,30% Recurring Commissions,60,Check Terms,No,No,Yes,Research (Scraped),Web: https://torgnrd.net | AI Rating: 78.85
AW-1070,Proxy-Sale,Direct / Affiliate.Watch,PROXY,Global,30% Commission,365,Check Terms,No,No,Yes,Research (Scraped),Web: https://proxy-sale.com | AI Rating: 74.76
AW-192,PrivateVPN,Direct / Affiliate.Watch,PROXY,Global,Up to 30% Commission,60,Check Terms,No,No,Yes,Research (Scraped),Web: https://privatevpn.com | AI Rating: 73.70
AW-293,Infatica,Direct / Affiliate.Watch,PROXY,Global,10-30% Recurring Commission,90,Check Terms,No,No,Yes,Research (Scraped),Web: https://infatica.io | AI Rating: 72.64
AW-1386,LunaProxy,Direct / Affiliate.Watch,PROXY,Global,Up To 10% Lifetime Commission,7,Check Terms,No,No,Yes,Research (Scraped),Web: https://lunaproxy.com | AI Rating: 69.99
AW-183,HighProxies,Direct / Affiliate.Watch,PROXY,Global,20% Recurring Commission,30,Check Terms,No,No,Yes,Research (Scraped),Web: https://highproxies.com | AI Rating: 67.87
AW-1385,Pia s5 Proxy,Direct / Affiliate.Watch,PROXY,Global,Up To 10% Lifetime Commission,7,Check Terms,No,No,Yes,Research (Scraped),Web: https://piaproxy.com | AI Rating: 66.29
AW-1392,Anonymous Proxies,Direct / Affiliate.Watch,PROXY,Global,White Label Commission Structure,,Check Terms,No,No,Yes,Research (Scraped),Web: https://anonymous-proxies.net | AI Rating: 63.50
AW-80,VPN.AC,Direct / Affiliate.Watch,PROXY,Global,30% Per Sale And Renewal,90,Check Terms,No,No,Yes,Research (Scraped),Web: https://vpn.ac | AI Rating: 60.29
AW-1308,922S5 Proxy,Direct / Affiliate.Watch,PROXY,Global,Up To 10% Commission,,Check Terms,No,No,Yes,Research (Scraped),Web: https://922proxy.com | AI Rating: 60.02
AW-136,hosting.com,Direct / Affiliate.Watch,HOSTING,Global,$55-$125 Per Sale + 2 Tier,90,Check Terms,No,No,Yes,Research (Scraped),Web: https://hosting.com | AI Rating: 90.93
AW-12,Namecheap,Direct / Affiliate.Watch,HOSTING,Global,20%-50% Commission,30,Check Terms,No,No,Yes,Research (Scraped),Web: https://namecheap.com | AI Rating: 90.82
AW-20,SiteGround,Direct / Affiliate.Watch,HOSTING,Global,$50-$100 Per Sale,60,Check Terms,No,No,Yes,Research (Scraped),Web: https://siteground.com | AI Rating: 88.13
AW-137,GoDaddy,Direct / Affiliate.Watch,HOSTING,Global,Up To 30% Commission,45,Check Terms,No,No,Yes,Research (Scraped),Web: https://godaddy.com | AI Rating: 86.19
AW-937,Linode,Direct / Affiliate.Watch,HOSTING,Global,Give $100 - Get $25 Credit,90,Check Terms,No,No,Yes,Research (Scraped),Web: https://linode.com | AI Rating: 85.76
AW-25,DreamHost,Direct / Affiliate.Watch,HOSTING,Global,Earn $15-$200 Per Sale,30,Check Terms,No,No,Yes,Research (Scraped),Web: https://dreamhost.com | AI Rating: 84.96
AW-1591,10Web,Direct / Affiliate.Watch,HOSTING,Global,30% Commission For 1 Year,30,Check Terms,No,No,Yes,Research (Scraped),Web: https://10web.io | AI Rating: 83.89
AW-365,Scala Hosting,Direct / Affiliate.Watch,HOSTING,Global,$50-$200 Per Sale,60,Check Terms,No,No,Yes,Research (Scraped),Web: https://scalahosting.com | AI Rating: 80.80
AW-253,Domain.com,Direct / Affiliate.Watch,HOSTING,Global,$85-$110 Hosting / 30% Domain,30,Check Terms,No,No,Yes,Research (Scraped),Web: https://domain.com | AI Rating: 79.34
AW-11,DigitalOcean,Direct / Affiliate.Watch,HOSTING,Global,10% Commission For 1 Year,30,Check Terms,No,No,Yes,Research (Scraped),Web: https://digitalocean.com | AI Rating: 78.54
AW-448,HostArmada,Direct / Affiliate.Watch,HOSTING,Global,$50-200 Per Sale,90,Check Terms,No,No,Yes,Research (Scraped),Web: https://hostarmada.com | AI Rating: 76.31
AW-32,Kinsta,Direct / Affiliate.Watch,HOSTING,Global,$50 to $500 Per Sale + 10% Lifetime,60,Check Terms,No,No,Yes,Rejected,Rejected: Lacks abundant WordPress/Web Dev content on site.
AW-519,Pixpa,Direct / Affiliate.Watch,HOSTING,Global,50% Commission For 1 Year,30,Check Terms,No,No,Yes,Research (Scraped),Web: https://pixpa.com | AI Rating: 75.03
AW-268,FastComet,Direct / Affiliate.Watch,HOSTING,Global,$50-$200 Per Sale,45,Check Terms,No,No,Yes,Research (Scraped),Web: https://fastcomet.com | AI Rating: 74.41
AW-847,Thexyz,Direct / Affiliate.Watch,HOSTING,Global,10% Recurring Commission,90,Check Terms,No,No,Yes,Research (Scraped),Web: https://thexyz.com | AI Rating: 72.71
AW-44,123 Reg,Direct / Affiliate.Watch,HOSTING,Global,0.5% - 25% commissions,120,Check Terms,No,No,Yes,Research (Scraped),Web: https://123-reg.co.uk | AI Rating: 72.67
AW-310,BitLaunch,Direct / Affiliate.Watch,HOSTING,Global,20% Recurring Commission,,Check Terms,No,No,Yes,Research (Scraped),Web: https://bitlaunch.io | AI Rating: 63.25
AW-68,WebHostingPad,Direct / Affiliate.Watch,HOSTING,Global,$50 Per Sale,30,Check Terms,No,No,Yes,Research (Scraped),Web: https://webhostingpad.com | AI Rating: 62.94
AW-35,Bandwagon Host,Direct / Affiliate.Watch,HOSTING,Global,22% Commission,,Check Terms,No,No,Yes,Research (Scraped),Web: https://bandwagonhost.com | AI Rating: 57.10
AW-19,NordVPN,Direct / Affiliate.Watch,VPN,Global,Up To $50 Per Sale + Residuals,30,Check Terms,No,No,Yes,Research (Scraped),Web: https://nordvpn.com | AI Rating: 93.70
AW-526,Ivacy,Direct / Affiliate.Watch,VPN,Global,40%-100% 1st Month / 35% Life,90,Check Terms,No,No,Yes,Research (Scraped),Web: https://ivacy.com | AI Rating: 79.56
AW-335,CyberGhost VPN,Direct / Affiliate.Watch,VPN,Global,Up To 100% In Commisson,,Check Terms,No,No,Yes,Research (Scraped),Web: https://cyberghostvpn.com | AI Rating: 70.38
OFFER-015,Base44 (by Wix),Impact,AI Web App Builder,Global,Recurring / Tiered Commission,30,Yes (Non-Brand Landing Page),No,No,Yes,Rejected (Auto-declined on Impact),Declined automatically by Impact bot criteria. No impact on active B2B campaigns.
SCORE-87,Webshare Proxy,Scored,Niche,Webshare Proxy,Global,-,26/30 score,-,-,-,-,-,Yes,No,No,Yes,87,Research,"Scored automatically: size=9, trend=9, intent=14, comp=8, cost=8"
RED-009,Search Atlas,Reditus,SEO / MARKETING,Global,30% Lifetime,60,No (🚫 Paid Ads Not Allowed),No,No,Yes,Rejected (No PPC Allowed),Search Atlas explicitly forbids paid ads. Requires organic promotion only.
RED-010,involve.me,Reditus,AI FUNNELS / MARKETING,Global,30% Lifetime,60,Yes (Check Policy),No,No,Yes,Research (High Converting),Web: https://involve.me | AI Quiz Funnels & Interactive Lead Gen. 30% Lifetime recurring. Cookie 60d.
RED-011,Omnimind,Reditus,AI AGENTS / SAAS,Global,30% Lifetime,60,No (🚫 Paid Ads Not Allowed),No,No,Yes,Rejected (No PPC Allowed),Omnimind explicitly forbids paid ads. Requires organic promotion only.
RED-012,Leavo,Reditus,HR / SAAS,Global,35% (36 mos),90,Yes (Non-Brand Only),No,No,Yes,Active (Approved),Link: https://leavo.app/?red=verify | Approved on Reditus. 35% recurring for 36 months. Cookie 90d.
RED-013,Kosmic AI,Reditus,AI / SAAS,Global,20-30% Lifetime,30,No (🚫 Paid Ads Not Allowed),No,No,Yes,Rejected (No PPC Allowed),Kosmic AI explicitly forbids paid ads. Requires organic promotion only.
RED-014,BabyLoveGrowth.ai,Reditus,AI / MARKETING,Global,25% (12 mos),60,Yes (All Paid Ads),Yes,No,Yes,Active (Approved),Link: https://www.babylovegrowth.ai/?red=verify | All paid ads allowed. 25% recurring for 12 months. Cookie 60d.
RED-015,AhaSlides,Reditus,PRODUCTIVITY / SAAS,Global,25% (1 mo),30,Yes (All Paid Ads),Yes,No,Yes,Active (Approved),Link: https://ahaslides.com/?red=verify | All paid ads allowed. Tier Search Ads: 25% commission. Cookie 30d.
RED-016,Woodpecker.co,Reditus,SALES / EMAIL SAAS,Global,20% Lifetime,30,Yes (Non-Brand Only),No,No,Yes,Active (Approved),Link: https://woodpecker.co/?red=verify | Paid search ads allowed EXCEPT on brand name. 20% Lifetime recurring. Cookie 30d.
RED-017,Signeasy,Reditus,E-SIGNATURE / SAAS,Global,25% (12 mos),60,Yes (Non-Brand Only),No,No,Yes,Active (Approved),Link: https://signeasy.com/?red=verify | Paid search ads allowed EXCEPT on brand name. 25% recurring for 12 months. Cookie 60d.
OFFER-016,Webflow,PartnerStack / Direct,Website Builder / No-Code,Global,50% (1st Subscription),90,Yes (Non-Brand Landing Page),No,No,Yes,Pending (Submitted via Webflow),Application submitted. PartnerStack payouts. Webflow terms explicitly confirm: Ads must direct to own website, not a Webflow domain.
OFFER-017,Rippling,PartnerStack,HR / IT / Payroll B2B SaaS,Global,$600 Lead / $1,600 Sale,90,Yes (Non-Brand Landing Page),No,No,Yes,Pending (Queued via PartnerStack),PartnerStack network profile submitted. Rippling application queued for auto-submission upon profile approval. Up to $1,600 per paying customer ($600 per qualified lead).
OFFER-018,monday.com,PartnerStack,Project Management / Work OS B2B SaaS,Global,20-100% Commission,90,Yes (Non-Brand Landing Page),No,No,Yes,Pending (Submitted via PartnerStack),Application submitted via PartnerStack using verifyreviews.net. Confirmed brand bidding restriction & non-brand PPC policy.
SCORE-92,Billing Now,Scored,Niche,Billing Now,Global,-,30/30 score,-,-,-,-,-,Yes,No,No,Yes,92,Research,"Scored automatically: size=9, trend=9, intent=14, comp=8, cost=8"
SCORE-90,Reditus Platform,Scored,Niche,Reditus Platform,Global,-,28/30 score,-,-,-,-,-,Yes,No,No,Yes,90,Research,"Scored automatically: size=9, trend=9, intent=14, comp=8, cost=8"
SCORE-91,Leavo HR Software,Scored,Niche,Leavo HR Software,Global,-,30/30 score,-,-,-,-,-,Yes,No,No,Yes,91,Research,"Scored automatically: size=9, trend=9, intent=14, comp=8, cost=8"
OFFER-019,Lovable AI,Direct / PartnerStack,AI WEB APP BUILDER,Global,20-30% Recurring,30,Yes (Non-Brand Landing Page),No,No,Yes,Research (MeticsMedia Hub),Web: https://lovable.dev | Hot new AI Full-Stack App Builder competitor to Bolt.new.
OFFER-020,Make.com,Impact / PartnerStack,NO-CODE AUTOMATION,Global,20-30% Recurring,30,Yes (Non-Brand Landing Page),No,No,Yes,Research (MeticsMedia Hub),Web: https://make.com | Leading No-Code AI Workflow Automation platform.
OFFER-021,GoHighLevel,FirstPromoter / Direct,ALL-IN-ONE CRM & AGENCY,Global,40% Lifetime Recurring,60,Yes (Non-Brand Landing Page),No,No,Yes,Research (MeticsMedia Hub),Web: https://gohighlevel.com | -/mo plans. 40% Lifetime recurring for agencies.
OFFER-022,Higgsfield AI,Direct,AI VIDEO GENERATION,Global,20-30%,30,Yes,No,No,Yes,Research (MeticsMedia Hub),Web: https://higgsfield.ai | AI Cinematic Animation & Video Creation tool.
OFFER-023,OpenArt AI,Direct,AI IMAGE & ART STUDIO,Global,20-30%,30,Yes,No,No,Yes,Research (MeticsMedia Hub),Web: https://openart.ai | AI Image Generator & Art Studio.
OFFER-024,InVideo AI,Impact / Direct,AI FACELESS VIDEO,Global,25-50%,30,Yes,No,No,Yes,Research (MeticsMedia Hub),Web: https://invideo.io | AI Script-to-Video & Faceless Video generator.
OFFER-025,Mercury Bank,Direct / PartnerStack,B2B FINTECH & BANKING,Global, -  Per Account,60,Yes,No,No,Yes,Research (MeticsMedia Hub),Web: https://mercury.com | US Business Banking & Fintech for Startups.
OFFER-026,LegalZoom,CJ / Impact,US LLC & BUSINESS FORMATION,Global, -  Per Order,30,Yes,No,No,Yes,Research (MeticsMedia Hub),Web: https://legalzoom.com | US LLC Formation & Legal Services.
OFFER-027,ZenBusiness,Impact,US LLC FORMATION,Global, -  Per Order,30,Yes,No,No,Yes,Research (MeticsMedia Hub),Web: https://zenbusiness.com | US Business Formation & Compliance.
OFFER-028,Bizee (Incfile),Impact,US LLC FORMATION,Global, -  Per Order,30,Yes,No,No,Yes,Research (MeticsMedia Hub),Web: https://bizee.com | Fast US Business Incorporation & LLC Service.
OFFER-029,CapCut Pro,Impact / Direct,AI VIDEO EDITING,Global,20-30%,30,Yes,No,No,Yes,Research (MeticsMedia Hub),Web: https://capcut.com | Pro AI Video Editing & Captioning Software.
OFFER-030,Descript,PartnerStack,AI VIDEO & AUDIO EDITING,Global,15-25% Recurring,30,Yes,No,No,Yes,Research (MeticsMedia Hub),Web: https://descript.com | Text-based AI Video & Podcast Editing tool.
OFFER-031,Artlist,Direct,CREATIVE STOCK ASSETS,Global,20-30%,30,Yes,No,No,Yes,Research (MeticsMedia Hub),Web: https://artlist.io | Royalty-free Music & Video Assets for Creators.
OFFER-032,ProtonVPN,Direct,CYBERSECURITY & PRIVACY,Global,30-40%,30,Yes,No,No,Yes,Research (MeticsMedia Hub),Web: https://protonvpn.com | Swiss Privacy & Encrypted VPN.
OFFER-033,ClickUp,PartnerStack,PROJECT MANAGEMENT / SAAS,Global,20% Recurring,30,Yes,No,No,Yes,Research (MeticsMedia Hub),Web: https://clickup.com | All-in-one Project Management & Productivity SaaS.
OFFER-034,ActiveCampaign,PostAffiliatePro / Direct,EMAIL & MARKETING AUTOMATION,Global,20-30% Recurring,90,Yes,No,No,Yes,Research (MeticsMedia Hub),Web: https://activecampaign.com | Enterprise Email & CRM Automation.
OFFER-035,MailerLite,Direct / PartnerStack,EMAIL MARKETING,Global,30% Recurring,30,Yes,No,No,Yes,Research (MeticsMedia Hub),Web: https://mailerlite.com | Clean Email Marketing & Automation tool.
OFFER-036,Brevo (Sendinblue),Impact,EMAIL & CRM,Global,€5 Lead / 30% Sale,30,Yes,No,No,Yes,Research (MeticsMedia Hub),Web: https://brevo.com | All-in-one Marketing & Email platform.
PS-037,Brevo,PartnerStack,SALES / CRM,Global,Earn $100 for every paying customer you refer,30-90,Yes (Non-Brand Landing Page),No,No,Yes,Research (PartnerStack File Parsed),Web: PartnerStack | Brevo is an all-in-one marketing platform trusted by 600;000 businesses. Email; SMS; Chat; CRM; Marketing Automation; an. Terms: Earn $100 for every paying customer you refer
PS-038,Manychat,PartnerStack,B2B SAAS,Global,Earn 30-50% in recurring commissions,30-90,Yes (Non-Brand Landing Page),No,No,Yes,Research (PartnerStack File Parsed),"Web: PartnerStack | Ever seen ""Comment X to get Y"" on Instagram? That's Manychat! We’re the go-to chat marketing platform for creators and b. Terms: Earn 30-50% in recurring commissions"
PS-039,Leadpages,PartnerStack,AI / SAAS,Global,30% recurring commission for referrals first 12 months.,30-90,Yes (Non-Brand Landing Page),No,No,Yes,Research (PartnerStack File Parsed),Web: PartnerStack | Tell your audience about Leadpages. Leadpages helps you create high-converting landing pages; capture leads; and optimiz. Terms: 30% recurring commission for referrals first 12 months.
PS-040,CallRail,PartnerStack,AI / SAAS,Global,Earn $50 for every customer you help discover CallRail,30-90,Yes (Non-Brand Landing Page),No,No,Yes,Research (PartnerStack File Parsed),Web: PartnerStack | CallRail's AI-powered lead intelligence platform helps 220;000+ businesses attract and convert more customers. We attrib. Terms: Earn $50 for every customer you help discover CallRail
PS-041,Gorgias,PartnerStack,B2B SAAS,Global,Earn a 10% commission indefinitely!,30-90,Yes (Non-Brand Landing Page),No,No,Yes,Research (PartnerStack File Parsed),Web: PartnerStack | To grow your brand; you need to offer experiences that build loyalty. Meet the automated CX platform that delights custo. Terms: Earn a 10% commission indefinitely!
PS-042,Apollo.io,PartnerStack,SALES / CRM,Global,Earn up to 20% commission!,30-90,Yes (Non-Brand Landing Page),No,No,Yes,Research (PartnerStack File Parsed),Web: PartnerStack | Apollo.io is the leading go-to-market platform trusted by 500K+ companies and 1M+ users globally. It provides sales and . Terms: Earn up to 20% commission!
PS-043,Deel,PartnerStack,HR / PAYROLL,Global,Earn $1500 for every new paying customer,30-90,Yes (Non-Brand Landing Page),No,No,Yes,Research (PartnerStack File Parsed),Web: PartnerStack | Hire the best talent in 150 countries in minutes; without worrying about compliance; payroll or HR admin.. Terms: Earn $1500 for every new paying customer
PS-044,Airwallex,PartnerStack,AI / SAAS,Global,Earn up to $400 for each new Customer Referral!,30-90,Yes (Non-Brand Landing Page),No,No,Yes,Research (PartnerStack File Parsed),Web: PartnerStack | Airwallex is a leading global payments fintech; transforming the way businesses move; manage and accept money domestical. Terms: Earn up to $400 for each new Customer Referral!
PS-045,QuickBooks,PartnerStack,FINANCE / ACCOUNTING,Global,Offer your customer 30% off a new QuickBooks Online or QuickBooks Online Payroll subscriptions for 6 months,30-90,Yes (Non-Brand Landing Page),No,No,Yes,Research (PartnerStack File Parsed),Web: PartnerStack | QuickBooks is the world's #1 accounting software for small businesses!. Terms: Offer your customer 30% off a new QuickBooks Online or Quick
PS-046,Aircall Inc.,PartnerStack,AI / SAAS,Global,Earn $75 per qualified lead!,30-90,Yes (Non-Brand Landing Page),No,No,Yes,Research (PartnerStack File Parsed),Web: PartnerStack | Aircall is the intelligent platform for customer conversations. By unifying conversations; context; and real-time intell. Terms: Earn $75 per qualified lead!
PS-047,Thinkific,PartnerStack,HR / PAYROLL,Global,Earn recurring referral commissions: 30% on Standard plans and $150/month on Plus plans.,30-90,Yes (Non-Brand Landing Page),No,No,Yes,Research (PartnerStack File Parsed),Web: PartnerStack | Thinkific’s powerful; all-in-one learning platform makes it easy to build your dream learning business through online co. Terms: Earn recurring referral commissions: 30% on Standard plans a
PS-048,Pipedrive,PartnerStack,SALES / CRM,Global,Rev Share | 20% of Revenue,30-90,Yes (Non-Brand Landing Page),No,No,Yes,Research (PartnerStack File Parsed),Web: PartnerStack | Earn generous commissions referring Pipedrive; the easy-to-use; #1 user-rated CRM tool.. Terms: Rev Share | 20% of Revenue
PS-049,Unbounce,PartnerStack,AI / SAAS,Global,Earn up to 35% commissions on all customer transactions in the first year!,30-90,Yes (Non-Brand Landing Page),No,No,Yes,Research (PartnerStack File Parsed),Web: PartnerStack | The best landing page builder with AI features for reducing turnaround time & converting more traffic.. Terms: Earn up to 35% commissions on all customer transactions in t
PS-050,LearnWorlds - Top User-rated Online Course Platform & LMS,PartnerStack,B2B SAAS,Global,Earn 30% recurring commissions,30-90,Yes (Non-Brand Landing Page),No,No,Yes,Research (PartnerStack File Parsed),Web: PartnerStack | Do you have an audience of entrepreneurs; business owners; executives or creators? Earn 30% recurring revenue; every mon. Terms: Earn 30% recurring commissions
PS-051,lemlist,PartnerStack,EMAIL / OUTREACH,Global,Earn up to 25% commission for the first 12 months of each paying customer you refer.,30-90,Yes (Non-Brand Landing Page),No,No,Yes,Research (PartnerStack File Parsed),Web: PartnerStack | Partner with us and earn commissions on the new lemlist; lemwarm and lemcal customers you bring us. Lemlist is a cold em. Terms: Earn up to 25% commission for the first 12 months of each pa
PS-052,"Kartra, WebinarJam & EverWebinar",PartnerStack,B2B SAAS,Global,Earn 40% recurring commission on every referral for their first 12 months!,30-90,Yes (Non-Brand Landing Page),No,No,Yes,Research (PartnerStack File Parsed),Web: PartnerStack | Kartra's all-in-one platform is built to help creators and entrepreneurs grow their audience; monetize content; and scal. Terms: Earn 40% recurring commission on every referral for their fi
PS-053,Close,PartnerStack,SALES / CRM,Global,Earn a 30% commission on customers who purchase with you!,30-90,Yes (Non-Brand Landing Page),No,No,Yes,Research (PartnerStack File Parsed),Web: PartnerStack | Close is a GTM platform built to help small and medium size businesses grow faster. We combine the power of a CRM with b. Terms: Earn a 30% commission on customers who purchase with you!
PS-054,Carbon6,PartnerStack,B2B SAAS,Global,Earn commissions on your customer transactions,30-90,Yes (Non-Brand Landing Page),No,No,Yes,Research (PartnerStack File Parsed),Web: PartnerStack | Carbon6 is the all-in-one Amazon growth platform; built to simplify success for brand owners and operators around the wo. Terms: Earn commissions on your customer transactions
PS-055,AdCreative.ai,PartnerStack,AI / SAAS,Global,Earn 30% commission on every transaction + $2000 rewards!,30-90,Yes (Non-Brand Landing Page),No,No,Yes,Research (PartnerStack File Parsed),Web: PartnerStack | Generate conversion-focused ad creatives using artificial intelligence. The most-used AI tool for advertising and the th. Terms: Earn 30% commission on every transaction + $2000 rewards!
PS-056,Vibe,PartnerStack,B2B SAAS,Global,The #1 self-serve CTV Ad Platform.,30-90,Yes (Non-Brand Landing Page),No,No,Yes,Research (PartnerStack File Parsed),Web: PartnerStack | PartnerStack Program. Terms: The #1 self-serve CTV Ad Platform.
PS-057,Printify,PartnerStack,B2B SAAS,Global,Earn 5% commission on each sale your referrals make for 12 months. Average $3000 per customer.,30-90,Yes (Non-Brand Landing Page),No,No,Yes,Research (PartnerStack File Parsed),Web: PartnerStack | Printify is the leading print-on-demand platform that helps you become an entrepreneur without big investments. Terms: Earn 5% commission on each sale your referrals make for 12 m
PS-058,Circle,PartnerStack,EMAIL / OUTREACH,Global,Earn $100 + up to 20% recurring commission,30-90,Yes (Non-Brand Landing Page),No,No,Yes,Research (PartnerStack File Parsed),Web: PartnerStack | Circle is the AI-powered home for your community. From a branded website to discussions; courses; events; payments; emai. Terms: Earn $100 + up to 20% recurring commission
PS-059,PandaDoc,PartnerStack,SALES / CRM,Global,Earn 25–40% of revenue from first-year sales,30-90,Yes (Non-Brand Landing Page),No,No,Yes,Research (PartnerStack File Parsed),Web: PartnerStack | Close more deals with PandaDoc sales proposal software. Create; send; track; and eSign beautiful proposals and quotes.. Terms: Earn 25–40% of revenue from first-year sales
PS-060,Nexcess,PartnerStack,AI / SAAS,Global,Earn 10% Monthly Residual Payments,30-90,Yes (Non-Brand Landing Page),No,No,Yes,Research (PartnerStack File Parsed),Web: PartnerStack | Nexcess delivers specialty cloud; managed hosting; bare metal and enterprise AI infrastructure for performance-sensitive. Terms: Earn 10% Monthly Residual Payments
PS-061,Dripify,PartnerStack,SALES / CRM,Global,Earn up to 20% commission on all paid subscriptions ($3000/month avg),30-90,Yes (Non-Brand Landing Page),No,No,Yes,Research (PartnerStack File Parsed),Web: PartnerStack | Dripify outreach automation tool; currently ranked #1 globally for LinkedIn automation. We empower businesses by streaml. Terms: Earn up to 20% commission on all paid subscriptions ($3000/m
PS-062,Ignition,PartnerStack,AI / SAAS,Global,"Get rewarded for every referral that closes, with earnings based on customer size: $100 for Core, $300 for Pro and Pro+, and 10% commission for Enterprise.",30-90,Yes (Non-Brand Landing Page),No,No,Yes,Research (PartnerStack File Parsed),Web: PartnerStack | Win clients. Get paid. Every time. Ignition makes it simple to engage clients; get paid and run your accounting or profe. Terms: Get rewarded for every referral that closes; with earnings b
PS-063,Instantly,PartnerStack,EMAIL / OUTREACH,Global,Up to 40% Lifetime Commissions For Software Sales | VIP Referrals: 10% Commissions for High-Ticket Service Sales,30-90,Yes (Non-Brand Landing Page),No,No,Yes,Research (PartnerStack File Parsed),Web: PartnerStack | Instantly helps you find warm leads; scale email campaigns; reach primary inboxes; engage smarter and win more with AI.. Terms: Up to 40% Lifetime Commissions For Software Sales | VIP Refe
PS-064,Tellent,PartnerStack,HR / PAYROLL,Global,20% of every sale in year 1,30-90,Yes (Non-Brand Landing Page),No,No,Yes,Research (PartnerStack File Parsed),Web: PartnerStack | Tellent's modular ATS; HRIS; and performance management solutions drive smarter; data-driven people decisions - across e. Terms: 20% of every sale in year 1
PS-065,Trainual,PartnerStack,AI / SAAS,Global,Affiliates: earn 10% commission. Partners: earn 20% commission.,30-90,Yes (Non-Brand Landing Page),No,No,Yes,Research (PartnerStack File Parsed),Web: PartnerStack | Trainual is an AI-powered training; learning; and knowledge management software designed to get teams up to speed — and . Terms: Affiliates: earn 10% commission. Partners: earn 20% commissi
PS-066,respond.io,PartnerStack,AI / SAAS,Global,Earn 15% commission for the customer’s lifetime,30-90,Yes (Non-Brand Landing Page),No,No,Yes,Research (PartnerStack File Parsed),Web: PartnerStack | Respond.io: AI-powered messaging software for B2C companies; shared inbox; advanced automation; broadcast and supervisor. Terms: Earn 15% commission for the customer’s lifetime
PS-067,Gamma,PartnerStack,AI / SAAS,Global,Earn 30% for the customer's first year,30-90,Yes (Non-Brand Landing Page),No,No,Yes,Research (PartnerStack File Parsed),Web: PartnerStack | Gamma is your AI design partner for creating presentations; websites; social media; and more. All at the speed of though. Terms: Earn 30% for the customer's first year
PS-068,Thryv,PartnerStack,HR / PAYROLL,Global,Referral Partners: Earn 15% for 12 months,30-90,Yes (Non-Brand Landing Page),No,No,Yes,Research (PartnerStack File Parsed),Web: PartnerStack | Thryv automates your tasks and puts your customers at the center of your business; with one easy-to-use software.. Terms: Referral Partners: Earn 15% for 12 months
PS-069,Quo (formerly OpenPhone),PartnerStack,AI / SAAS,Global,Earn 20% of purchase price for 12 months!,30-90,Yes (Non-Brand Landing Page),No,No,Yes,Research (PartnerStack File Parsed),Web: PartnerStack | Win more customers with Quo. The next-generation phone system to engage customers; collaborate with your team; and scale. Terms: Earn 20% of purchase price for 12 months!
PS-070,Sunsama,PartnerStack,AI / SAAS,Global,Earn $100 for every upgrade.,30-90,Yes (Non-Brand Landing Page),No,No,Yes,Research (PartnerStack File Parsed),Web: PartnerStack | Sunsama is a daily planner assistant for busy professionals. Plan sustainable; focused; and calm workdays with our daily. Terms: Earn $100 for every upgrade.
PS-071,Aspire,PartnerStack,FINANCE / ACCOUNTING,Global,Get US100 per successful referral for new Aspire account sign ups,30-90,Yes (Non-Brand Landing Page),No,No,Yes,Research (PartnerStack File Parsed),Web: PartnerStack | Aspire offers businesses a unified suite of financial services including international payments; corporate cards; payabl. Terms: Get US100 per successful referral for new Aspire account sig
PS-072,Glide,PartnerStack,B2B SAAS,Global,Earn 20% of your referred customer's plan for one year,30-90,Yes (Non-Brand Landing Page),No,No,Yes,Research (PartnerStack File Parsed),Web: PartnerStack | Build and launch powerful custom business applications without coding or design skills. Instantly deploy apps to one or . Terms: Earn 20% of your referred customer's plan for one year
PS-073,Credit Repair Cloud,PartnerStack,AI / SAAS,Global,30.00% of every sale made by each customer,30-90,Yes (Non-Brand Landing Page),No,No,Yes,Research (PartnerStack File Parsed),Web: PartnerStack | Welcome to the Credit Repair Cloud affiliate program!. Terms: 30.00% of every sale made by each customer
PS-074,Bolt for Business,PartnerStack,B2B SAAS,Global,Earn €150 for every new company that takes a ride with Bolt for Business and customers can earn 25% off 20 rides!,30-90,Yes (Non-Brand Landing Page),No,No,Yes,Research (PartnerStack File Parsed),Web: PartnerStack | Bolt for Business simplifies company travel - managing rides; car sharing; and micromobility in one place with automated. Terms: Earn €150 for every new company that takes a ride with Bolt 
PS-075,Softr,PartnerStack,PROXIES / DATA,Global,Earn 25% commission on all your referrals for 12 months!,30-90,Yes (Non-Brand Landing Page),No,No,Yes,Research (PartnerStack File Parsed),Web: PartnerStack | Softr is the AI platform that lets business teams build custom portals; internal tools; and operational systems; no codi. Terms: Earn 25% commission on all your referrals for 12 months!
PS-076,Entreprenista,PartnerStack,B2B SAAS,Global,Get $50 for each person who joins The Entreprenista League with your link.,30-90,Yes (Non-Brand Landing Page),No,No,Yes,Research (PartnerStack File Parsed),Web: PartnerStack | For founders who are ready to make meaningful connections that lead to real business growth and success.. Terms: Get $50 for each person who joins The Entreprenista League w
PS-077,Leadfeeder,PartnerStack,SALES / CRM,Global,$100 commission after 2 monthly payments,30-90,Yes (Non-Brand Landing Page),No,No,Yes,Research (PartnerStack File Parsed),Web: PartnerStack | Leadfeeder identifies the companies behind your clients' anonymous website traffic and turns that data into pipeline. It. Terms: $100 commission after 2 monthly payments
PS-078,doola,PartnerStack,AI / SAAS,Global,"Refer customers to form their U.S. companies and get help with compliance, and earn up to $899 per referral (30% commission on any doola plan with no cap on commissions).",30-90,Yes (Non-Brand Landing Page),No,No,Yes,Research (PartnerStack File Parsed),Web: PartnerStack | doola (YCombinator S20) helps global entrepreneurs launch and maintain their U.S. LLCs. Join our Affiliate Program. Choo. Terms: Refer customers to form their U.S. companies and get help wi
PS-079,Surfer,PartnerStack,SEO / MARKETING,Global,Earn up to 125% CPA commission simplifying SEO!,30-90,Yes (Non-Brand Landing Page),No,No,Yes,Research (PartnerStack File Parsed),Web: PartnerStack | Surfer is an all-in-one platform for keyword research; content creation; and optimization. We have been synonymous with . Terms: Earn up to 125% CPA commission simplifying SEO!
PS-080,SocialBee,PartnerStack,B2B SAAS,Global,20% lifetime recurring commission on each sale,30-90,Yes (Non-Brand Landing Page),No,No,Yes,Research (PartnerStack File Parsed),Web: PartnerStack | SocialBee is a social media management platform & digital marketing agency that helps businesses make the most out of th. Terms: 20% lifetime recurring commission on each sale
PS-081,Wati.io,PartnerStack,SALES / CRM,Global,30% Total MRR (subs + add-ons),30-90,Yes (Non-Brand Landing Page),No,No,Yes,Research (PartnerStack File Parsed),Web: PartnerStack | Grow your business on WhatsApp Personalize communication and sell more with the WhatsApp Business API platform that auto. Terms: 30% Total MRR (subs + add-ons)
PS-082,Getida,PartnerStack,B2B SAAS,Global,Earn 10% of the recovery fee for the first 12 months of the customers lifetime!,30-90,Yes (Non-Brand Landing Page),No,No,Yes,Research (PartnerStack File Parsed),Web: PartnerStack | Getida is the global leader in Amazon FBA auditing & reimbursement solutions for sellers worldwide. It's more than money. Terms: Earn 10% of the recovery fee for the first 12 months of the 
PS-083,Ownr,PartnerStack,B2B SAAS,Global,Earn up to $50 for each referral and 15% off our incorporation services,30-90,Yes (Non-Brand Landing Page),No,No,Yes,Research (PartnerStack File Parsed),Web: PartnerStack | Canada's leading Business Registration & Incorporation platform. Ownr has empowered over 270;000+ Canadians to navigate . Terms: Earn up to $50 for each referral and 15% off our incorporati
PS-084,Drip,PartnerStack,HR / PAYROLL,Global,Earn up to 25% as a Drip Partner!,30-90,Yes (Non-Brand Landing Page),No,No,Yes,Research (PartnerStack File Parsed),Web: PartnerStack | As a customer-centric marketing automation platform; Drip empowers brands to understand their customers and boost revenu. Terms: Earn up to 25% as a Drip Partner!
PS-085,Rokt Aftersell,PartnerStack,HR / PAYROLL,Global,Earn 15% of every transaction made,30-90,Yes (Non-Brand Landing Page),No,No,Yes,Research (PartnerStack File Parsed),Web: PartnerStack | Aftersell helps Shopify brands drive more incremental revenue after checkout with one-click upsells and relevant partner. Terms: Earn 15% of every transaction made
PS-086,Motive,PartnerStack,B2B SAAS,Global,Earn a $150 flat fee or 10% commission on the annual contract value for every paying customer you refer,30-90,Yes (Non-Brand Landing Page),No,No,Yes,Research (PartnerStack File Parsed),Web: PartnerStack | Motive builds technology to improve the safety; productivity and profitability of businesses that power the physical eco. Terms: Earn a $150 flat fee or 10% commission on the annual contrac
PS-087,Freshdesk by Freshworks,PartnerStack,B2B SAAS,Global,"$30 CPL per trial submitted in Geo: US, UK, AU, CA, and NZ",30-90,Yes (Non-Brand Landing Page),No,No,Yes,Research (PartnerStack File Parsed),Web: PartnerStack | Freshdesk is a cloud-based customer support software. With 150+ integrations; we make it simple for businesses to provid. Terms: $30 CPL per trial submitted in Geo: US; UK; AU; CA; and NZ
PS-088,Kisi,PartnerStack,B2B SAAS,Global,"As a Platinum Tier Partner, you’ll earn a 25% revenue share on all end client business you refer to us. That means for every successful referral that turns into a paying customer, you’ll receive 25% of the software revenue generated.",30-90,Yes (Non-Brand Landing Page),No,No,Yes,Research (PartnerStack File Parsed),Web: PartnerStack | Kisi provides a cloud-based access control system that lets organizations manage building entry digitally. Using mobile . Terms: As a Platinum Tier Partner; you’ll earn a 25% revenue share 
PS-089,Reply.io,PartnerStack,SALES / CRM,Global,"15% for 1 year from all sales, 15% lifetime on Jason AI SDR sales",30-90,Yes (Non-Brand Landing Page),No,No,Yes,Research (PartnerStack File Parsed),Web: PartnerStack | Reply is an AI Sales Engagement platform; combining lead generation; email warm-up; email validation; data scraping; mul. Terms: 15% for 1 year from all sales; 15% lifetime on Jason AI SDR 
PS-090,Moosend,PartnerStack,EMAIL / OUTREACH,Global,Earn up to 40% recurring commission for every transaction!,30-90,Yes (Non-Brand Landing Page),No,No,Yes,Research (PartnerStack File Parsed),Web: PartnerStack | Become a Moosend affiliate! Help businesses by promoting one of the best email marketing and marketing automation tools;. Terms: Earn up to 40% recurring commission for every transaction!
PS-091,Postscript,PartnerStack,B2B SAAS,Global,Earn 10% in the customers first year on Postscript!,30-90,Yes (Non-Brand Landing Page),No,No,Yes,Research (PartnerStack File Parsed),Web: PartnerStack | Postscript is the leading SMS marketing tool for Shopify brands. With their solution; you can make SMS your #1 revenue c. Terms: Earn 10% in the customers first year on Postscript!
PS-092,Kixie,PartnerStack,SALES / CRM,Global,20% reward on transaction value*,30-90,Yes (Non-Brand Landing Page),No,No,Yes,Research (PartnerStack File Parsed),Web: PartnerStack | Kixie is a sales engagement platform that boosts sales and service team performance with ultra-reliable; easily automate. Terms: 20% reward on transaction value*
PS-093,Katana Cloud Inventory,PartnerStack,FINANCE / ACCOUNTING,Global,Earn 20% from the revenue of all referred customers for 24 months,30-90,Yes (Non-Brand Landing Page),No,No,Yes,Research (PartnerStack File Parsed),Web: PartnerStack | Give your clients an end-to-end inventory solution. Businesses rely on Katana as a system of record; connecting with bes. Terms: Earn 20% from the revenue of all referred customers for 24 m
PS-094,Quadient,PartnerStack,AI / SAAS,Global,Earn $250 for each new lead that turns into an opportunity,30-90,Yes (Non-Brand Landing Page),No,No,Yes,Research (PartnerStack File Parsed),Web: PartnerStack | Quadient's leading accounts receivable and accounts payable automation solutions help finance and accounting teams impro. Terms: Earn $250 for each new lead that turns into an opportunity
PS-095,Instapage,PartnerStack,AI / SAAS,Global,Earn 40% on the first year of a customer's annual subscription; 15% of a customer's annual subscription after the first year; 30% on the first year of a customer's monthly subscription,30-90,Yes (Non-Brand Landing Page),No,No,Yes,Research (PartnerStack File Parsed),Web: PartnerStack | Build and optimize landing pages that convert—all without a developer. Instapage enables marketers to improve their digi. Terms: Earn 40% on the first year of a customer's annual subscripti
PS-096,Castmagic,PartnerStack,B2B SAAS,Global,Earn 40% of recurring revenue,30-90,Yes (Non-Brand Landing Page),No,No,Yes,Research (PartnerStack File Parsed),Web: PartnerStack | Castmagic helps creators turn any form of audio into content; fast.. Terms: Earn 40% of recurring revenue
PS-097,Amplemarket,PartnerStack,SALES / CRM,Global,**Our average ACV is $10K!** Earn up to 20% commission of each paying customer you refer. No cap on earnings!!,30-90,Yes (Non-Brand Landing Page),No,No,Yes,Research (PartnerStack File Parsed),Web: PartnerStack | Amplemarket's mission is to help companies grow and do business smarter. Amplemarket offers an unrivaled all-in-one comp. Terms: **Our average ACV is $10K!** Earn up to 20% commission of ea
PS-098,WhatConverts,PartnerStack,B2B SAAS,Global,Earn 20% on subscription for 2 years. Lifetime commission for Premium Affiliates!,30-90,Yes (Non-Brand Landing Page),No,No,Yes,Research (PartnerStack File Parsed),Web: PartnerStack | Lead Tracking for Marketing Agencies and Clients. Terms: Earn 20% on subscription for 2 years. Lifetime commission fo
PS-099,Keap,PartnerStack,AI / SAAS,Global,Earn 20% recurring commission on all paid subscriptions for 1 year,30-90,Yes (Non-Brand Landing Page),No,No,Yes,Research (PartnerStack File Parsed),Web: PartnerStack | Get found online; win more customers; and drive repeat business with our AI-powered marketing platform.. Terms: Earn 20% recurring commission on all paid subscriptions for 
PS-100,Melio,PartnerStack,B2B SAAS,Global,Melio - First Completed Payment - FTP - HG $400,30-90,Yes (Non-Brand Landing Page),No,No,Yes,Research (PartnerStack File Parsed),Web: PartnerStack | Melio is a free & simple bill pay solution for small businesses; accountants; and bookkeepers. Pay any business expense . Terms: Melio - First Completed Payment - FTP - HG $400
PS-101,Quartile,PartnerStack,B2B SAAS,Global,"Earn 20% on 1st Year Subscription Revenue. Average $4,800 commission per customer.",30-90,Yes (Non-Brand Landing Page),No,No,Yes,Research (PartnerStack File Parsed),Web: PartnerStack | The World's Largest E-Commerce Cross Channel Ad Platform. Thousands of sellers trust Quartile’s full-funnel optimization. Terms: Earn 20% on 1st Year Subscription Revenue. Average $4;800 co
PS-102,Runpod,PartnerStack,AI / SAAS,Global,Earn 12% on product usage for each customer you refer!,30-90,Yes (Non-Brand Landing Page),No,No,Yes,Research (PartnerStack File Parsed),Web: PartnerStack | Runpod is a cloud platform that empowers small teams to deploy customized full-stack AI apps without managing complex in. Terms: Earn 12% on product usage for each customer you refer!
PS-103,Emergent Labs Inc,PartnerStack,AI / SAAS,Global,Earn 20% revenue share for new subscribers for 6 months,30-90,Yes (Non-Brand Landing Page),No,No,Yes,Research (PartnerStack File Parsed),Web: PartnerStack | Emergent is an AI platform that enables anyone to build full-stack; production-ready web and mobile applications using p. Terms: Earn 20% revenue share for new subscribers for 6 months
PS-104,Stamped,PartnerStack,B2B SAAS,Global,Earn 10% on every customer purchase for life!,30-90,Yes (Non-Brand Landing Page),No,No,Yes,Research (PartnerStack File Parsed),Web: PartnerStack | Stamped is a retention platform that guides customers to their next purchase. We automate post-purchase interactions to . Terms: Earn 10% on every customer purchase for life!
PS-105,Connecteam,PartnerStack,AI / SAAS,Global,Earn $200 for every business that signs up for a monthly plan Earn $300 for every business that signs up for a yearly plan.,30-90,Yes (Non-Brand Landing Page),No,No,Yes,Research (PartnerStack File Parsed),Web: PartnerStack | Connecteam is an all-in-one company app where businesses can communicate; manage; and train their non-desk employees. Ea. Terms: Earn $200 for every business that signs up for a monthly pla
PS-106,SimpleTexting,PartnerStack,AI / SAAS,Global,Earn 10% on monthly plan purchases!,30-90,Yes (Non-Brand Landing Page),No,No,Yes,Research (PartnerStack File Parsed),Web: PartnerStack | We make it easy; fast and affordable to send SMS marketing campaigns or engage in 1-on-1 conversations with customers.. Terms: Earn 10% on monthly plan purchases!
PS-107,Capsule and Transpond,PartnerStack,SALES / CRM,Global,Earn 20-30% commission for every referred paying customer,30-90,Yes (Non-Brand Landing Page),No,No,Yes,Research (PartnerStack File Parsed),Web: PartnerStack | Help your customers and audience grow their small businesses with a complete CRM and Marketing solution. Capsule is an e. Terms: Earn 20-30% commission for every referred paying customer
PS-108,Qoyod,PartnerStack,FINANCE / ACCOUNTING,Global,Earn 50% commission per paid customer (avg transaction $200),30-90,Yes (Non-Brand Landing Page),No,No,Yes,Research (PartnerStack File Parsed),Web: PartnerStack | Don’t let financial complexities hinder your business growth. Qoyod is designed to be your ultimate financial co-pilot; . Terms: Earn 50% commission per paid customer (avg transaction $200)
PS-109,Landbot,PartnerStack,B2B SAAS,Global,💸 Earn 20% of every sale (recurring for 2 years)!,30-90,Yes (Non-Brand Landing Page),No,No,Yes,Research (PartnerStack File Parsed),Web: PartnerStack | The most intuitive chatbot builder for websites and WhatsApp — automate lead capturing; customer support; surveys; and m. Terms: 💸 Earn 20% of every sale (recurring for 2 years)!
PS-110,SimplePractice,PartnerStack,HR / PAYROLL,Global,Earn $100 per new paid account referral on SimplePractice. Unlock bonus commission by referring more!,30-90,Yes (Non-Brand Landing Page),No,No,Yes,Research (PartnerStack File Parsed),Web: PartnerStack | SimplePractice is the all-in-one HIPAA-compliant practice management solution trusted by 225;000+ health and wellness pr. Terms: Earn $100 per new paid account referral on SimplePractice. U
PS-111,Landingi,PartnerStack,AI / SAAS,Global,15% for 1-month subscription,30-90,Yes (Non-Brand Landing Page),No,No,Yes,Research (PartnerStack File Parsed),Web: PartnerStack | Landing Page Automation Platform that helps improve marketing workflows; boost campaign results thanks to A/B testing; a. Terms: 15% for 1-month subscription
PS-112,ZoomInfo,PartnerStack,SALES / CRM,Global,Earn 10% in Year 1 Annual Contract Value (ACV) **Our Average ACV is ~$20K**,30-90,Yes (Non-Brand Landing Page),No,No,Yes,Research (PartnerStack File Parsed),Web: PartnerStack | ZoomInfo is how business goes to market (GTM). Powered by real-time data and insights; our unified engagement platform h. Terms: Earn 10% in Year 1 Annual Contract Value (ACV) **Our Average
PS-113,QuillBot,PartnerStack,AI / SAAS,Global,"Earn 10% for monthly plans, 15% for semi-annual plans, and 20% for annual plans",30-90,Yes (Non-Brand Landing Page),No,No,Yes,Research (PartnerStack File Parsed),Web: PartnerStack | QuillBot taps the potential of AI to help nearly 30 million monthly active users improve their writing skills; enhance t. Terms: Earn 10% for monthly plans; 15% for semi-annual plans; and 2
PS-114,Shore,PartnerStack,HR / PAYROLL,Global,Earn up to 40% commission from Europes leading complete solution for service and retail businesses!,30-90,Yes (Non-Brand Landing Page),No,No,Yes,Research (PartnerStack File Parsed),Web: PartnerStack | Shore unterstützt Dienstleistungs- und Einzelhandelsunternehmen dabei; ihr Geschäft erfolgreich auszubauen – online und . Terms: Earn up to 40% commission from Europes leading complete solu
PS-115,Shippo,PartnerStack,B2B SAAS,Global,Receive $60 for every new paid Pro plan subscriber,30-90,Yes (Non-Brand Landing Page),No,No,Yes,Research (PartnerStack File Parsed),Web: PartnerStack | Shippo simplifies shipping for businesses of all sizes by offering discounted rates; easy label printing; and seamless i. Terms: Receive $60 for every new paid Pro plan subscriber
PS-116,Sellfy,PartnerStack,HR / PAYROLL,Global,25-40% lifetime commission,30-90,Yes (Non-Brand Landing Page),No,No,Yes,Research (PartnerStack File Parsed),Web: PartnerStack | Create your online store and sell your goods effortlessly with Sellfy; an easy-to-use e-commerce platform. Sellers world. Terms: 25-40% lifetime commission
PS-117,Livestorm,PartnerStack,AI / SAAS,Global,Earn up to 20% commission on deals closed,30-90,Yes (Non-Brand Landing Page),No,No,Yes,Research (PartnerStack File Parsed),Web: PartnerStack | Livestorm is the leading European webinar platform. The most secure; reliable; and easy to use webinar software to scale. Terms: Earn up to 20% commission on deals closed
PS-118,NiceJob,PartnerStack,SALES / CRM,Global,"Earn 15% Commission: For every successful paid customer you make, with the potential to increase your rate by advancing through our tiered system.",30-90,Yes (Non-Brand Landing Page),No,No,Yes,Research (PartnerStack File Parsed),Web: PartnerStack | NiceJob is reputation marketing automation for busy and budget-conscious home service business owners; helping increase . Terms: Earn 15% Commission: For every successful paid customer you 
PS-119,Housecall Pro,PartnerStack,B2B SAAS,Global,Earn up to $320 for every qualified lead you refer. Start earning today!,30-90,Yes (Non-Brand Landing Page),No,No,Yes,Research (PartnerStack File Parsed),Web: PartnerStack | Housecall Pro is a top-rated platform helping home service Pros manage every aspect of their business. Become a referral. Terms: Earn up to $320 for every qualified lead you refer. Start ea
PS-120,Breezy HR,PartnerStack,B2B SAAS,Global,Earn 20% revenue share for new subscribers for the first year on ATS Subscriptions (excluding Pro Plans).,30-90,Yes (Non-Brand Landing Page),No,No,Yes,Research (PartnerStack File Parsed),Web: PartnerStack | Modernize your recruiting process with Breezy! End-to-end recruiting software to attract & hire great employees with les. Terms: Earn 20% revenue share for new subscribers for the first yea
PS-121,Ticket Tailor,PartnerStack,AI / SAAS,Global,"Earn 20% of all Ticket Tailor fees generated from your referral, forever",30-90,Yes (Non-Brand Landing Page),No,No,Yes,Research (PartnerStack File Parsed),Web: PartnerStack | At Ticket Tailor; our mission is to empower a diverse range of event creators by making it easy and affordable to sell t. Terms: Earn 20% of all Ticket Tailor fees generated from your refer
PS-122,Seamless,PartnerStack,SALES / CRM,Global,Earn 20% on every transaction,30-90,Yes (Non-Brand Landing Page),No,No,Yes,Research (PartnerStack File Parsed),Web: PartnerStack | The AI sales platform that delivers verified prospects; automated outreach; and the speed your team needs to grow revenu. Terms: Earn 20% on every transaction
PS-123,Jane,PartnerStack,B2B SAAS,Global,Earn $120 USD commission for every new clinic you refer,30-90,Yes (Non-Brand Landing Page),No,No,Yes,Research (PartnerStack File Parsed),Web: PartnerStack | Jane is a clinic management software and EMR for health and wellness providers that helps them open; run; and grow their. Terms: Earn $120 USD commission for every new clinic you refer
PS-124,Coffee and Contracts,PartnerStack,B2B SAAS,Global,Earn 30% for the lifetime of the customer,30-90,Yes (Non-Brand Landing Page),No,No,Yes,Research (PartnerStack File Parsed),Web: PartnerStack | C&C is the go-to marketing platform for real estate agents. We give agents the content; tools; and strategy to grow thei. Terms: Earn 30% for the lifetime of the customer
PS-125,Customer.io,PartnerStack,EMAIL / OUTREACH,Global,Earn 10% on every customer purchase for the first year!,30-90,Yes (Non-Brand Landing Page),No,No,Yes,Research (PartnerStack File Parsed),Web: PartnerStack | Customer.io is an AI-powered customer engagement platform that helps teams turn first-party data into meaningful; person. Terms: Earn 10% on every customer purchase for the first year!
PS-126,HiBob,PartnerStack,HR / PAYROLL,Global,"Modern HR for modern business. HiBob's intuitive, beautiful HR platform drives productivity, engagement, and performance for modern, mid-sized, multinational companies that put their people first.",30-90,Yes (Non-Brand Landing Page),No,No,Yes,Research (PartnerStack File Parsed),Web: PartnerStack | Modern HR for modern business. HiBob is on a mission to transform how organizations operate in the modern world of work . Terms: Modern HR for modern business. HiBob's intuitive; beautiful 
PS-127,BILL,PartnerStack,FINANCE / ACCOUNTING,Global,Earn $250 for each new BILL AP/AR customer | Earn $75-$600 for each new BILL Spend & Expense customer,30-90,Yes (Non-Brand Landing Page),No,No,Yes,Research (PartnerStack File Parsed),Web: PartnerStack | BILL is a leading financial operations platform for small and midsize businesses. Our integrated platform helps business. Terms: Earn $250 for each new BILL AP/AR customer | Earn $75-$600 f
PS-128,folk,PartnerStack,SALES / CRM,Global,Earn 30% of earned revenue in the first 24 months of the customers you referred.,30-90,Yes (Non-Brand Landing Page),No,No,Yes,Research (PartnerStack File Parsed),Web: PartnerStack | folk is like the sales assistant your team never had. Our CRM is simple; integrated; and proactive. The tool of choice f. Terms: Earn 30% of earned revenue in the first 24 months of the cus
PS-129,R.E. Cost Seg,PartnerStack,B2B SAAS,Global,15% of total revenue,30-90,Yes (Non-Brand Landing Page),No,No,Yes,Research (PartnerStack File Parsed),Web: PartnerStack | R.E. Cost Seg specializes in cost segregation studies that help investment property owners accelerate depreciation; redu. Terms: 15% of total revenue
PS-130,Brevo PushOwl,PartnerStack,EMAIL / OUTREACH,Global,Earn 16-25% recurring commission,30-90,Yes (Non-Brand Landing Page),No,No,Yes,Research (PartnerStack File Parsed),Web: PartnerStack | PushOwl is the top-rated omnichannel app on Shopify - powered by Brevo. It packs powerful automation pre-sets; including. Terms: Earn 16-25% recurring commission
PS-131,Navan,PartnerStack,B2B SAAS,Global,"Earn up to $1,000 for every qualified customer!",30-90,Yes (Non-Brand Landing Page),No,No,Yes,Research (PartnerStack File Parsed),Web: PartnerStack | Navan is the one-stop shop for business travel. Companies and their employees book flights; hotels; and more while savin. Terms: Earn up to $1;000 for every qualified customer!
PS-132,Restream,PartnerStack,B2B SAAS,Global,🔴 Up to 30% of all payments — For every new streamer.,30-90,Yes (Non-Brand Landing Page),No,No,Yes,Research (PartnerStack File Parsed),Web: PartnerStack | Restream is a powerful live streaming service that allows you to broadcast live content to multiple streaming channels s. Terms: 🔴 Up to 30% of all payments — For every new streamer.
PS-133,Motion,PartnerStack,B2B SAAS,Global,Earn 20% of revenue share for up to 2 years!,30-90,Yes (Non-Brand Landing Page),No,No,Yes,Research (PartnerStack File Parsed),Web: PartnerStack | Learn which ad creatives are working best and share your findings with visual reports that are easy to digest.. Terms: Earn 20% of revenue share for up to 2 years!
PS-134,Proof,PartnerStack,B2B SAAS,Global,30% of every sale made,30-90,Yes (Non-Brand Landing Page),No,No,Yes,Research (PartnerStack File Parsed),Web: PartnerStack | Want to boost your website conversions? Proof shows real people taking real actions. Trusted by Oprah; Lottery; Speedo &. Terms: 30% of every sale made
PS-135,PartnerStack,PartnerStack,HR / PAYROLL,Global,"10-20% rev share, CPC/CPL for trusted partners",30-90,Yes (Non-Brand Landing Page),No,No,Yes,Research (PartnerStack File Parsed),Web: PartnerStack | PartnerStack helps companies launch scalable and cost-effective acquisition channels through partnerships.. Terms: 10-20% rev share; CPC/CPL for trusted partners
PS-136,1Password,PartnerStack,B2B SAAS,Global,Earn 25% commission on first year signups!,30-90,Yes (Non-Brand Landing Page),No,No,Yes,Research (PartnerStack File Parsed),Web: PartnerStack | 1Password makes it simple to create and share unique; strong passwords. More than 100;000 companies trust 1Password to t. Terms: Earn 25% commission on first year signups!
PS-137,Readymode,PartnerStack,SALES / CRM,Global,Earn 20% of first-year revenue for every referral made,30-90,Yes (Non-Brand Landing Page),No,No,Yes,Research (PartnerStack File Parsed),Web: PartnerStack | Readymode is a cloud based all-in-one predictive dialer software that intelligently connects sales and call center agent. Terms: Earn 20% of first-year revenue for every referral made
PS-138,Streak - CRM for Gmail,PartnerStack,SALES / CRM,Global,$60 USD for every new paid account,30-90,Yes (Non-Brand Landing Page),No,No,Yes,Research (PartnerStack File Parsed),Web: PartnerStack | CRM + Email power tools entirely inside Gmail. 7;000+ companies use Streak to track sales; partnerships; support; hiring. Terms: $60 USD for every new paid account
PS-139,Process Street,PartnerStack,B2B SAAS,Global,Additional 10% reward,30-90,Yes (Non-Brand Landing Page),No,No,Yes,Research (PartnerStack File Parsed),Web: PartnerStack | The Process Management platform for collaboration. The simple and powerful way to manage your team’s recurring workflows. Terms: Additional 10% reward
PS-140,Outgrow,PartnerStack,SALES / CRM,Global,"20% Commission on sale, 10% Recurring Commission for Active Partners",30-90,Yes (Non-Brand Landing Page),No,No,Yes,Research (PartnerStack File Parsed),Web: PartnerStack | We help businesses boost their traffic; leads & sales via engaging calculators; quizzes; polls; contests; chatbots; reco. Terms: 20% Commission on sale; 10% Recurring Commission for Active 
PS-141,SaneBox,PartnerStack,EMAIL / OUTREACH,Global,"🤑 Earn up to 30% recurring commission on all sales! Average Partner earns $2,300 in 90 days.",30-90,Yes (Non-Brand Landing Page),No,No,Yes,Research (PartnerStack File Parsed),Web: PartnerStack | SaneBox is the leading AI email productivity tool that saves users 12-14 hours a month on email time. Trusted by thousan. Terms: 🤑 Earn up to 30% recurring commission on all sales! Average 
PS-142,ABC Trainerize,PartnerStack,AI / SAAS,Global,Earn 15% on monthly memberships,30-90,Yes (Non-Brand Landing Page),No,No,Yes,Research (PartnerStack File Parsed),Web: PartnerStack | ABC Trainerize is an online coaching platform helping coaches and fitness businesses offer fitness; nutrition and habit . Terms: Earn 15% on monthly memberships
PS-143,Gelato,PartnerStack,B2B SAAS,Global,Join Gelato’s partners program and earn up to 12% commission for 1 year,30-90,Yes (Non-Brand Landing Page),No,No,Yes,Research (PartnerStack File Parsed),Web: PartnerStack | Create and sell custom products online. With local production in 32 countries; easy integration; and 24/7 customer suppo. Terms: Join Gelato’s partners program and earn up to 12% commission
PS-144,Nextiva,PartnerStack,B2B SAAS,Global,Earn $200 - $350 per sales on select Nextiva products,30-90,Yes (Non-Brand Landing Page),No,No,Yes,Research (PartnerStack File Parsed),Web: PartnerStack | Nextiva is a cloud-based communications provider delivering hosted unified phone services to U.S companies.. Terms: Earn $200 - $350 per sales on select Nextiva products
PS-145,SmartSuite,PartnerStack,PROXIES / DATA,Global,Earn up to 20% your first year,30-90,Yes (Non-Brand Landing Page),No,No,Yes,Research (PartnerStack File Parsed),Web: PartnerStack | One platform for GRC; IT; projects; and business operations. SmartSuite provides a secure; scalable; AI-powered platform. Terms: Earn up to 20% your first year
PS-146,Aura,PartnerStack,AI / SAAS,Global,Earn 15% revenue share for the lifetime of the subscription!,30-90,Yes (Non-Brand Landing Page),No,No,Yes,Research (PartnerStack File Parsed),Web: PartnerStack | Aura is the modern Amazon repricer; powered by AI. This advanced tool takes the hassle out of micromanaging your prices;. Terms: Earn 15% revenue share for the lifetime of the subscription!
PS-147,Freshservice by Freshworks,PartnerStack,B2B SAAS,Global,MQL Activation Bonus,30-90,Yes (Non-Brand Landing Page),No,No,Yes,Research (PartnerStack File Parsed),Web: PartnerStack | Modernize IT and other business functions with a refreshingly easy-to-use; simple-to-configure IT service desk solution . Terms: MQL Activation Bonus
PS-148,Tapstitch,PartnerStack,B2B SAAS,Global,Earn 10% on every order your customers make for next 12 months.,30-90,Yes (Non-Brand Landing Page),No,No,Yes,Research (PartnerStack File Parsed),Web: PartnerStack | Tapstitch is the fashion-forward print-on-demand platform empowering creators and brands to design; launch; and scale ap. Terms: Earn 10% on every order your customers make for next 12 mont
PS-149,Guesty,PartnerStack,B2B SAAS,Global,$50 for per Listing,30-90,Yes (Non-Brand Landing Page),No,No,Yes,Research (PartnerStack File Parsed),Web: PartnerStack | With Guesty’s Affiliate Program; you can earn an additional stream of income; with up to 5K per referral Help your netwo. Terms: $50 for per Listing
PS-150,GetResponse Services Inc.,PartnerStack,EMAIL / OUTREACH,Global,Earn 40-60% recurring commission for 12 months,30-90,Yes (Non-Brand Landing Page),No,No,Yes,Research (PartnerStack File Parsed),Web: PartnerStack | GetResponse offers all-in-one marketing software for marketers; solopreneurs; and small businesses. With 25+ years of ex. Terms: Earn 40-60% recurring commission for 12 months
PS-151,Papaya Global,PartnerStack,HR / PAYROLL,Global,"Earn $1,000 for a opportunity created and $2,000 for a closed won.",30-90,Yes (Non-Brand Landing Page),No,No,Yes,Research (PartnerStack File Parsed),Web: PartnerStack | Papaya Global unifies global workforce payments on a single platform; giving companies full control of their internation. Terms: Earn $1;000 for a opportunity created and $2;000 for a close
PS-152,Oyster®,PartnerStack,HR / PAYROLL,Global,"Earn 10% monthly revenue share on all sales for the first year. Plus, get a $250 bonus for your first sale and $500 for your second.",30-90,Yes (Non-Brand Landing Page),No,No,Yes,Research (PartnerStack File Parsed),Web: PartnerStack | Oyster® is the HR platform for globally-distributed companies. We help to hire; pay; and provide benefits to your team a. Terms: Earn 10% monthly revenue share on all sales for the first ye
PS-153,Later,PartnerStack,AI / SAAS,Global,Earn 20% for every paid signup for its first year!,30-90,Yes (Non-Brand Landing Page),No,No,Yes,Research (PartnerStack File Parsed),Web: PartnerStack | Later is the world’s most intelligent influencer marketing company; powering the creator economy and social commerce. La. Terms: Earn 20% for every paid signup for its first year!
PS-154,Bïrch (Formerly Revealbot),PartnerStack,AI / SAAS,Global,Earn 15% on Every Sale Made,30-90,Yes (Non-Brand Landing Page),No,No,Yes,Research (PartnerStack File Parsed),Web: PartnerStack | Advanced automation; reporting; campaign creation for Facebook; Google; and Snapchat Ads. Scale and optimize ad campaign. Terms: Earn 15% on Every Sale Made
PS-155,SleekFlow,PartnerStack,AI / SAAS,Global,Earn up to 20% commission on qualified customers (avg ACV $4000/yr),30-90,Yes (Non-Brand Landing Page),No,No,Yes,Research (PartnerStack File Parsed),Web: PartnerStack | SleekFlow is the AI-powered Omnichannel Conversation Suite for customer engagement. The all-in-one SleekFlow platform cr. Terms: Earn up to 20% commission on qualified customers (avg ACV $4
PS-156,SMTP2GO,PartnerStack,EMAIL / OUTREACH,Global,Earn 20% recurring for every transaction!,30-90,Yes (Non-Brand Landing Page),No,No,Yes,Research (PartnerStack File Parsed),Web: PartnerStack | SMTP2GO is a scalable; reliable email delivery solution for transactional and marketing email. Worldwide servers; a robu. Terms: Earn 20% recurring for every transaction!
PS-157,Optery,PartnerStack,EMAIL / OUTREACH,Global,30% commission on new customers for first 12 months (~$50 estimated average per customer),30-90,Yes (Non-Brand Landing Page),No,No,Yes,Research (PartnerStack File Parsed),Web: PartnerStack | Optery is automated data broker removal software for individuals; families; and businesses. Optery finds and removes per. Terms: 30% commission on new customers for first 12 months (~$50 es
PS-158,Gusto,PartnerStack,HR / PAYROLL,Global,Earn $300 per new customer referral!,30-90,Yes (Non-Brand Landing Page),No,No,Yes,Research (PartnerStack File Parsed),Web: PartnerStack | Trusted by more than 500;000 businesses and their teams. Gusto's people platform helps growing businesses onboard; pay; . Terms: Earn $300 per new customer referral!
PS-159,Help Scout,PartnerStack,HR / PAYROLL,Global,"Earn 15% or 20% on every deal closed for 12 months, depending on how many customers referred",30-90,Yes (Non-Brand Landing Page),No,No,Yes,Research (PartnerStack File Parsed),Web: PartnerStack | 12;000+ businesses use Help Scout to delight and retain more customers across all their support channels. With email; ch. Terms: Earn 15% or 20% on every deal closed for 12 months; dependin
PS-160,Bouncer,PartnerStack,EMAIL / OUTREACH,Global,Earn 20% for every transaction!,30-90,Yes (Non-Brand Landing Page),No,No,Yes,Research (PartnerStack File Parsed),Web: PartnerStack | Easy to use; yet powerful email verification service; with cool Tech and truly caring People. Helps you clean your email. Terms: Earn 20% for every transaction!
PS-161,Cognism,PartnerStack,SALES / CRM,Global,15% of sales for the first year,30-90,Yes (Non-Brand Landing Page),No,No,Yes,Research (PartnerStack File Parsed),Web: PartnerStack | Cognism is a leading B2B sales intelligence platform; trusted by revenue teams worldwide to drive growth. We provide acc. Terms: 15% of sales for the first year
PS-162,Owner,PartnerStack,HR / PAYROLL,Global,$50 CPL + $500 CW,30-90,Yes (Non-Brand Landing Page),No,No,Yes,Research (PartnerStack File Parsed),Web: PartnerStack | Do you want to help local restaurants thrive in the digital age? With Owner.com; you can connect mom & pop restaurant ow. Terms: $50 CPL + $500 CW
PS-163,Success.co,PartnerStack,B2B SAAS,Global,Earn 25% commission for all paid signups,30-90,Yes (Non-Brand Landing Page),No,No,Yes,Research (PartnerStack File Parsed),Web: PartnerStack | The next gen software to run EOS®: modern and fast; deeply integrated and EOS® pure. Success.co isn’t just software - it. Terms: Earn 25% commission for all paid signups
PS-164,Plesk,PartnerStack,EMAIL / OUTREACH,Global,Earn up to 35% commission on qualifying orders!,30-90,Yes (Non-Brand Landing Page),No,No,Yes,Research (PartnerStack File Parsed),Web: PartnerStack | Plesk is a leading web hosting control panel that helps hosting providers; agencies and developers easily manage website. Terms: Earn up to 35% commission on qualifying orders!
PS-165,Pixel Union & Out of the Sandbox,PartnerStack,B2B SAAS,Global,Receive 20% of Theme Updater subscription Partner Share for a referred user's first 12 months,30-90,Yes (Non-Brand Landing Page),No,No,Yes,Research (PartnerStack File Parsed),Web: PartnerStack | Promote industry leading premium Shopify themes and Shopify store management apps from Pixel Union & Out of the Sandbox . Terms: Receive 20% of Theme Updater subscription Partner Share for 
PS-166,Todoist Inc,PartnerStack,B2B SAAS,Global,Earn up to 25% commission!,30-90,Yes (Non-Brand Landing Page),No,No,Yes,Research (PartnerStack File Parsed),Web: PartnerStack | Join 50+ million professionals who simplify work and life with the world’s #1 to-do list app on the App Store; Play Stor. Terms: Earn up to 25% commission!
PS-167,Functional Diagnostic Nutrition,PartnerStack,AI / SAAS,Global,"Earn $1,000 for each new student who signs up under you + bonuses!",30-90,Yes (Non-Brand Landing Page),No,No,Yes,Research (PartnerStack File Parsed),Web: PartnerStack | FDN is the recognized leader in functional health education. Our proven 'D.R.E.S.S. for Success' methodology has trained. Terms: Earn $1;000 for each new student who signs up under you + bo
PS-168,Dext,PartnerStack,B2B SAAS,Global,✨ Earn 50% - 70% on the first 6 months' subscription revenue (£70-£500 per referral)!,30-90,Yes (Non-Brand Landing Page),No,No,Yes,Research (PartnerStack File Parsed),Web: PartnerStack | Dext is for small and medium size businesses to capture; automate and manage their expense and invoice records.. Terms: ✨ Earn 50% - 70% on the first 6 months' subscription revenue
PS-169,Subbly,PartnerStack,B2B SAAS,Global,Earn 30% on all recurring revenues + $100 for every 5th converted trial,30-90,Yes (Non-Brand Landing Page),No,No,Yes,Research (PartnerStack File Parsed),Web: PartnerStack | Subbly is an all-in-one subscription-first commerce platform; with everything you need to run any kind of subscription b. Terms: Earn 30% on all recurring revenues + $100 for every 5th conv
PS-170,TaxCycle,PartnerStack,B2B SAAS,Global,Earn up to $250 for every new customer,30-90,Yes (Non-Brand Landing Page),No,No,Yes,Research (PartnerStack File Parsed),Web: PartnerStack | Comprehensive professional tax software for Canadian accountants; bookkeepers and tax preparers.. Terms: Earn up to $250 for every new customer
PS-171,MarketerHire,PartnerStack,B2B SAAS,Global,"Earn $5,000 for every new referral. Paid upfront!",30-90,Yes (Non-Brand Landing Page),No,No,Yes,Research (PartnerStack File Parsed),Web: PartnerStack | Today’s fastest-growing companies don’t get lucky with great marketing — they have MarketerHire behind the scenes. Trust. Terms: Earn $5;000 for every new referral. Paid upfront!
PS-172,InboxAlly,PartnerStack,EMAIL / OUTREACH,Global,Earn 20% on every purchase for the lifetime of the customer!,30-90,Yes (Non-Brand Landing Page),No,No,Yes,Research (PartnerStack File Parsed),Web: PartnerStack | Help boost email deliverability and open rates. InboxAlly customers love knowing that their emails will reach the intend. Terms: Earn 20% on every purchase for the lifetime of the customer!
PS-173,FullEnrich,PartnerStack,SALES / CRM,Global,Earn anywhere from 10% - 25% revenue share for the first year or lifetime of the customer depending on your tier,30-90,Yes (Non-Brand Landing Page),No,No,Yes,Research (PartnerStack File Parsed),Web: PartnerStack | FullEnrich is the #1 B2B waterfall enrichment platform. Instead of relying on a single data source; it cascades through . Terms: Earn anywhere from 10% - 25% revenue share for the first yea
PS-174,TRUCKSTOP,PartnerStack,B2B SAAS,Global,Earn up to 20% per active customer you refer!,30-90,Yes (Non-Brand Landing Page),No,No,Yes,Research (PartnerStack File Parsed),Web: PartnerStack | We develop and deliver technology solutions and services that empower freight professionals—carriers; brokers; and shipp. Terms: Earn up to 20% per active customer you refer!
PS-175,airSlate,PartnerStack,AI / SAAS,Global,Earn up to $80 per referred customer!,30-90,Yes (Non-Brand Landing Page),No,No,Yes,Research (PartnerStack File Parsed),Web: PartnerStack | pdfFiller & signNow are the industry-leading solutions for creating; editing; eSigning; and managing documents & forms o. Terms: Earn up to $80 per referred customer!
PS-176,Similarweb,PartnerStack,PROXIES / DATA,Global,Get 50% of all payments for 12 months! (up to $2400💰),30-90,Yes (Non-Brand Landing Page),No,No,Yes,Research (PartnerStack File Parsed),Web: PartnerStack | Similarweb powers the world’s businesses with the best digital data. We provide insights for any website; app; industry . Terms: Get 50% of all payments for 12 months! (up to $2400💰)
PS-177,CloudTask,PartnerStack,SALES / CRM,Global,Refer remote talent to the CloudTask Marketplace and earn when they’re hired.,30-90,Yes (Non-Brand Landing Page),No,No,Yes,Research (PartnerStack File Parsed),Web: PartnerStack | Hire sales; marketing; customer success; and support talent in 48 hours.. Terms: Refer remote talent to the CloudTask Marketplace and earn wh
PS-178,Boulevard,PartnerStack,AI / SAAS,Global,$750 per demo + $750 per paying customer,30-90,Yes (Non-Brand Landing Page),No,No,Yes,Research (PartnerStack File Parsed),Web: PartnerStack | Boulevard is the business management platform purpose-built for medspas; salons; and spas. AI-powered Precision Scheduli. Terms: $750 per demo + $750 per paying customer
PS-179,Switcher Studio,PartnerStack,AI / SAAS,Global,Earn up to $300 for every customer!,30-90,Yes (Non-Brand Landing Page),No,No,Yes,Research (PartnerStack File Parsed),Web: PartnerStack | Switcher’s award-winning suite of video products empowers users to easily create; share; and monetize live and recorded . Terms: Earn up to $300 for every customer!
PS-180,Buddy Punch,PartnerStack,B2B SAAS,Global,20% of every sale made within the first 12 months,30-90,Yes (Non-Brand Landing Page),No,No,Yes,Research (PartnerStack File Parsed),Web: PartnerStack | Buddy Punch is an online time clock that takes the hassle out of employee time tracking. Use the web or our smartphone a. Terms: 20% of every sale made within the first 12 months
PS-181,Fastmail,PartnerStack,EMAIL / OUTREACH,Global,Earn 20% of all sales for up to 2 years and a 10% discount for your customers for the first 12 months.,30-90,Yes (Non-Brand Landing Page),No,No,Yes,Research (PartnerStack File Parsed),Web: PartnerStack | Premium; ad-free email since 1999. An independent provider with the best designed email product on the market; where pri. Terms: Earn 20% of all sales for up to 2 years and a 10% discount f
PS-182,Foxit,PartnerStack,AI / SAAS,Global,Earn 10% on every successful referral,30-90,Yes (Non-Brand Landing Page),No,No,Yes,Research (PartnerStack File Parsed),Web: PartnerStack | Foxit is a global leader in PDF and eSign solutions; trusted by over 700 million users. Our powerful tools PDF Editor an. Terms: Earn 10% on every successful referral
PS-183,Campaigner,PartnerStack,SALES / CRM,Global,$10 CPL / $350 CPA,30-90,Yes (Non-Brand Landing Page),No,No,Yes,Research (PartnerStack File Parsed),Web: PartnerStack | Campaigner is Ziff Davis Martech’s extremely powerful email and SMS marketing solution. Campaigner will help businesses . Terms: $10 CPL / $350 CPA
PS-184,SurveyMonkey,PartnerStack,B2B SAAS,Global,Earn up to 20% commission on every closed deal. Earn up to $300 per qualified lead.,30-90,Yes (Non-Brand Landing Page),No,No,Yes,Research (PartnerStack File Parsed),Web: PartnerStack | SurveyMonkey is the world’s most popular platform for surveys and forms; built for business and loved by users.. Terms: Earn up to 20% commission on every closed deal. Earn up to $
PS-185,Salesflare,PartnerStack,SALES / CRM,Global,30% lifetime on all revenues,30-90,Yes (Non-Brand Landing Page),No,No,Yes,Research (PartnerStack File Parsed),Web: PartnerStack | A simple yet powerful CRM for small and medium-sized businesses selling B2B. Integrates into Gmail; Outlook and LinkedIn. Terms: 30% lifetime on all revenues
PS-186,SalesRabbit,PartnerStack,SALES / CRM,Global,15% commission for the first year on an avg. $10K deal size!,30-90,Yes (Non-Brand Landing Page),No,No,Yes,Research (PartnerStack File Parsed),Web: PartnerStack | SalesRabbit is the only all-in-one field sales platform; offering a comprehensive set of capabilities designed specifica. Terms: 15% commission for the first year on an avg. $10K deal size!
PS-187,KrispCall Communications Inc.,PartnerStack,SALES / CRM,Global,Earn 30% Lifetime commission on workspace subscription plus extra earnings for every additional member you bring in.,30-90,Yes (Non-Brand Landing Page),No,No,Yes,Research (PartnerStack File Parsed),Web: PartnerStack | KrispCall is an AI-driven cloud phone solution that unifies calls; SMS; voicemails and virtual numbers in one platform. . Terms: Earn 30% Lifetime commission on workspace subscription plus 
PS-188,Bar Codes Talk,PartnerStack,B2B SAAS,Global,10% earned on first two sales per customer,30-90,Yes (Non-Brand Landing Page),No,No,Yes,Research (PartnerStack File Parsed),Web: PartnerStack | UPC & EAN Barcode Number & Label Provider.. Terms: 10% earned on first two sales per customer
PS-189,Tie (previously Revenue Roll),PartnerStack,PROXIES / DATA,Global,Earn 20%+ Of Recurring Revenue - Average Of $5K Per Referral,30-90,Yes (Non-Brand Landing Page),No,No,Yes,Research (PartnerStack File Parsed),Web: PartnerStack | Tie's real-time B2C identity resolution and enrichment platform instantly reveals names; contact details; demographic da. Terms: Earn 20%+ Of Recurring Revenue - Average Of $5K Per Referral
PS-190,MeetGeek,PartnerStack,AI / SAAS,Global,Recurring 30% commission for the lifetime of referred customers!,30-90,Yes (Non-Brand Landing Page),No,No,Yes,Research (PartnerStack File Parsed),Web: PartnerStack | MeetGeek is an AI-powered meeting automation platform that helps teams record; transcribe; and collaborate on insights a. Terms: Recurring 30% commission for the lifetime of referred custom
PS-191,Shor affiliate program,PartnerStack,B2B SAAS,Global,Earn 50% for the whole six months,30-90,Yes (Non-Brand Landing Page),No,No,Yes,Research (PartnerStack File Parsed),Web: PartnerStack | Shor combines multiple links into a highly-conversive page. Promote a handy tool and earn up to $297 for each user you l. Terms: Earn 50% for the whole six months
PS-192,Reclaim.ai,PartnerStack,AI / SAAS,Global,Earn $48–$105+ per annual customer referred + $1 for every qualified work-email signup.,30-90,Yes (Non-Brand Landing Page),No,No,Yes,Research (PartnerStack File Parsed),Web: PartnerStack | #1 AI calendar that automatically protects focus time; optimizes your meetings; and improves your work-life balance. 30;. Terms: Earn $48–$105+ per annual customer referred + $1 for every q
PS-193,Unitel Voice,PartnerStack,B2B SAAS,Global,Earn 20% for the first 12 months of every sale made,30-90,Yes (Non-Brand Landing Page),No,No,Yes,Research (PartnerStack File Parsed),Web: PartnerStack | Unitel Voice is a virtual phone system that lets startups & entrepreneurs run their businesses from anywhere on any devi. Terms: Earn 20% for the first 12 months of every sale made
PS-194,Textline,PartnerStack,SALES / CRM,Global,Earn up to 25% of the deal value in recurring commissions!,30-90,Yes (Non-Brand Landing Page),No,No,Yes,Research (PartnerStack File Parsed),Web: PartnerStack | Textline is the most secure business text messaging platform for modern customer support; sales; and logistics teams. Te. Terms: Earn up to 25% of the deal value in recurring commissions!
PS-195,SMTP.com,PartnerStack,EMAIL / OUTREACH,Global,$5 CPL / $100 CPA,30-90,Yes (Non-Brand Landing Page),No,No,Yes,Research (PartnerStack File Parsed),Web: PartnerStack | SMTP.com is Ziff Davis Martech's transactional email and email API service. We are the industry leader in deliverability. Terms: $5 CPL / $100 CPA
PS-196,Tenable,PartnerStack,B2B SAAS,Global,"Accelerate your earnings with Tenable! 5% Commission & $4,500 AOV",30-90,Yes (Non-Brand Landing Page),No,No,Yes,Research (PartnerStack File Parsed),Web: PartnerStack | The Tenable Performance Marketing Program is designed for partners looking to earn commission promoting cutting-edge cyb. Terms: Accelerate your earnings with Tenable! 5% Commission & $4;50
PS-197,Healthie,PartnerStack,B2B SAAS,Global,Earn $150 for each new eligible paid account on Healthie! Bonus commissions available through challenges and tier structure.,30-90,Yes (Non-Brand Landing Page),No,No,Yes,Research (PartnerStack File Parsed),Web: PartnerStack | Industry-leading EMR; Scheduling; and Client Engagement platform for modern healthcare delivery.. Terms: Earn $150 for each new eligible paid account on Healthie! Bo
PS-198,Top Echelon Software,PartnerStack,HR / PAYROLL,Global,Earn 20% revenue share on your customer's first year purchases!,30-90,Yes (Non-Brand Landing Page),No,No,Yes,Research (PartnerStack File Parsed),Web: PartnerStack | Top Echelon is an applicant tracking and recruiting software designed to help businesses streamline their hiring process. Terms: Earn 20% revenue share on your customer's first year purchas
PS-199,Flippa.com,PartnerStack,B2B SAAS,Global,"20% every time your friends sell, buy or list a business on Flippa",30-90,Yes (Non-Brand Landing Page),No,No,Yes,Research (PartnerStack File Parsed),Web: PartnerStack | Flippa is the #1 platform for online M&A. Combing expert advisory services with innovative tech; we help entrepreneurs a. Terms: 20% every time your friends sell; buy or list a business on 
PS-200,VWO,PartnerStack,B2B SAAS,Global,Earn 10% on every referral,30-90,Yes (Non-Brand Landing Page),No,No,Yes,Research (PartnerStack File Parsed),Web: PartnerStack | VWO is the market-leading A/B testing tool that fast-growing companies use for experimentation & conversion rate optimiz. Terms: Earn 10% on every referral
PS-201,Marketing 360®,PartnerStack,B2B SAAS,Global,Earn 10% on every customer purchase!,30-90,Yes (Non-Brand Landing Page),No,No,Yes,Research (PartnerStack File Parsed),Web: PartnerStack | Marketing 360® delivers an all-in-one platform for digital marketing and marketing services to help small businesses gro. Terms: Earn 10% on every customer purchase!
PS-202,CometChat,PartnerStack,AI / SAAS,Global,Earn 20% of new customer subscription revenue for one year,30-90,Yes (Non-Brand Landing Page),No,No,Yes,Research (PartnerStack File Parsed),Web: PartnerStack | CometChat is a full-stack communication and AI platform that lets product teams embed chat; voice and video calling; mod. Terms: Earn 20% of new customer subscription revenue for one year
PS-203,BugHerd,PartnerStack,B2B SAAS,Global,Earn 20% recurring revenue for every new customer you refer to BugHerd.,30-90,Yes (Non-Brand Landing Page),No,No,Yes,Research (PartnerStack File Parsed),Web: PartnerStack | BugHerd is a website feedback and bug tracking tool designed for web development teams; either agency or in-house. It’s . Terms: Earn 20% recurring revenue for every new customer you refer 
PS-204,8am™,PartnerStack,B2B SAAS,Global,Earn 10% of the annual contract value when client signs up on a annual subscription,30-90,Yes (Non-Brand Landing Page),No,No,Yes,Research (PartnerStack File Parsed),Web: PartnerStack | The 8am™ MyCase Consultant Program supports consultants; accountants; and IT professionals who work with law firms to en. Terms: Earn 10% of the annual contract value when client signs up o
PS-205,Uniqode,PartnerStack,B2B SAAS,Global,Earn 25-35% commission based on your quarterly performance.,30-90,Yes (Non-Brand Landing Page),No,No,Yes,Research (PartnerStack File Parsed),Web: PartnerStack | Uniqode is a QR Code generator for businesses. Create; customize; and manage dynamic QR Codes with built-in tracking and. Terms: Earn 25-35% commission based on your quarterly performance.
PS-206,FreshBooks,PartnerStack,FINANCE / ACCOUNTING,Global,Earn $10/free trial signup and up to $200 for each paid plan referred,30-90,Yes (Non-Brand Landing Page),No,No,Yes,Research (PartnerStack File Parsed),Web: PartnerStack | FreshBooks is business management software purpose-built for service-based solopreneurs and small teams. It simplifies t. Terms: Earn $10/free trial signup and up to $200 for each paid plan
PS-207,UENI.com,PartnerStack,SALES / CRM,Global,Earn $100 - $150 for each customer referred,30-90,Yes (Non-Brand Landing Page),No,No,Yes,Research (PartnerStack File Parsed),Web: PartnerStack | UENI gives small businesses and independent professionals a chance to reach a broader audience and increase sales by bui. Terms: Earn $100 - $150 for each customer referred
PS-208,Heard,PartnerStack,HR / PAYROLL,Global,Earn $100 per new paid account referral on Heard.,30-90,Yes (Non-Brand Landing Page),No,No,Yes,Research (PartnerStack File Parsed),Web: PartnerStack | Heard is the only accounting platform built for mental health and wellness providers; combining bookkeeping; taxes; and . Terms: Earn $100 per new paid account referral on Heard.
PS-209,Consensus,PartnerStack,AI / SAAS,Global,Earn 30% commission on all paid signups for the first 12 months (avg $36 commission per sign up),30-90,Yes (Non-Brand Landing Page),No,No,Yes,Research (PartnerStack File Parsed),Web: PartnerStack | Consensus is an AI search engine for finding and analyzing academic research papers. Its used by over 5M researchers; ed. Terms: Earn 30% commission on all paid signups for the first 12 mon
PS-210,Atria,PartnerStack,AI / SAAS,Global,Earn 25% Commission for your referrals (avg commission $80/mo/customer),30-90,Yes (Non-Brand Landing Page),No,No,Yes,Research (PartnerStack File Parsed),Web: PartnerStack | Atria is an AI-powered ad engine for agencies/brands; trusted by 10K+ teams. It offers tools for analytics; creation; re. Terms: Earn 25% Commission for your referrals (avg commission $80/m
PS-211,Format,PartnerStack,B2B SAAS,Global,Earn 50% commission on new subscriptions!,30-90,Yes (Non-Brand Landing Page),No,No,Yes,Research (PartnerStack File Parsed),Web: PartnerStack | Voted most trusted by creative professionals across the globe; Format makes building a beautiful website portfolio easy!. Terms: Earn 50% commission on new subscriptions!
PS-212,Wistia,PartnerStack,B2B SAAS,Global,20% Revenue Share,30-90,Yes (Non-Brand Landing Page),No,No,Yes,Research (PartnerStack File Parsed),Web: PartnerStack | Create; host; market; and analyze the impact of video—all with Wistia’s video marketing platform.. Terms: 20% Revenue Share
PS-213,Finale Inventory,PartnerStack,B2B SAAS,Global,Earn 15% every month for a paid customer's first year,30-90,Yes (Non-Brand Landing Page),No,No,Yes,Research (PartnerStack File Parsed),Web: PartnerStack | Finale Inventory is the top inventory management solution for applications involving high volume; multichannel eCommerce. Terms: Earn 15% every month for a paid customer's first year
PS-214,INE,PartnerStack,PROXIES / DATA,Global,Referral rewards on IT training plan purchases,30-90,Yes (Non-Brand Landing Page),No,No,Yes,Research (PartnerStack File Parsed),Web: PartnerStack | Whether you have personal training goals or are looking to train a team; our on-demand; hands-on Networking; Cyber Secur. Terms: Referral rewards on IT training plan purchases
PS-215,Browse AI,PartnerStack,PROXIES / DATA,Global,"Promote our tool to your audience, and you will receive 20% of all their transactions forever",30-90,Yes (Non-Brand Landing Page),No,No,Yes,Research (PartnerStack File Parsed),Web: PartnerStack | Maximize your affiliate impact with Browse AI: a top SaaS for no-code web scraping. With 370;000+ users and validation f. Terms: Promote our tool to your audience; and you will receive 20% 
PS-216,Filevine,PartnerStack,AI / SAAS,Global,Receive 10% of the first-year revenue for every customer you refer who signs up and pays.,30-90,Yes (Non-Brand Landing Page),No,No,Yes,Research (PartnerStack File Parsed),Web: PartnerStack | Filevine is the leading AI-first; cloud-based case and project management platform trusted by over 125;000 professionals. Terms: Receive 10% of the first-year revenue for every customer you
PS-217,Whale,PartnerStack,B2B SAAS,Global,Give your customers the power to seamlessly create and manage their SOPs and internal processes. Whale is the single source of truth for company knowledge and the process improvement professional’s best friend.,30-90,Yes (Non-Brand Landing Page),No,No,Yes,Research (PartnerStack File Parsed),Web: PartnerStack | Give your customers the power to seamlessly create and manage their SOPs and internal processes. Whale is the single sou. Terms: Give your customers the power to seamlessly create and manag
PS-218,CrankWheel,PartnerStack,SALES / CRM,Global,15% recurring and up to $120 for each new paid subscription,30-90,Yes (Non-Brand Landing Page),No,No,Yes,Research (PartnerStack File Parsed),Web: PartnerStack | Screen sharing designed for sales professionals. 10x simpler than traditional web conferencing systems like Zoom. Works . Terms: 15% recurring and up to $120 for each new paid subscription
PS-219,Wrike,PartnerStack,B2B SAAS,Global,Earn 10% of your first sale on ALL customers!,30-90,Yes (Non-Brand Landing Page),No,No,Yes,Research (PartnerStack File Parsed),Web: PartnerStack | Wrike is a collaborative work management solution; helping teams work as one and achieve the best work of their lives! W. Terms: Earn 10% of your first sale on ALL customers!
PS-220,VisualCV,PartnerStack,B2B SAAS,Global,Earn 30% commission on every new sale,30-90,Yes (Non-Brand Landing Page),No,No,Yes,Research (PartnerStack File Parsed),Web: PartnerStack | VisualCV is an online resume and portfolio building website that has helped over 3 million people make their next career. Terms: Earn 30% commission on every new sale
PS-221,Houzz Pro,PartnerStack,B2B SAAS,Global,Earn $100 per converted customer as an affiliate!,30-90,Yes (Non-Brand Landing Page),No,No,Yes,Research (PartnerStack File Parsed),Web: PartnerStack | Houzz Pro is an all-in-one solution for residential construction and design professionals to manage the entire project l. Terms: Earn $100 per converted customer as an affiliate!
PS-222,Lusha,PartnerStack,SALES / CRM,Global,Earn up to 20% for the first 12 months on each new paid customer you refer!,30-90,Yes (Non-Brand Landing Page),No,No,Yes,Research (PartnerStack File Parsed),Web: PartnerStack | Lusha is the B2B data and intelligence layer used by 280;000 GTM teams teams worldwide. With AI-powered lead suggestions. Terms: Earn up to 20% for the first 12 months on each new paid cust
PS-223,ShipBob,PartnerStack,B2B SAAS,Global,Earn $250 as a signup bonus,30-90,Yes (Non-Brand Landing Page),No,No,Yes,Research (PartnerStack File Parsed),Web: PartnerStack | End-to-end order fulfillment platform for ecommerce brands.. Terms: Earn $250 as a signup bonus
PS-224,800.com,PartnerStack,B2B SAAS,Global,Earn $125 for every successful referral!,30-90,Yes (Non-Brand Landing Page),No,No,Yes,Research (PartnerStack File Parsed),Web: PartnerStack | 800.com - Toll-Free and Local Business Number Separate your business and personal numbers. Build stronger customer relat. Terms: Earn $125 for every successful referral!
PS-225,Amplitude,PartnerStack,AI / SAAS,Global,Earn 20% revenue share for the first year of a customer's subscription,30-90,Yes (Non-Brand Landing Page),No,No,Yes,Research (PartnerStack File Parsed),Web: PartnerStack | Amplitude is a leading AI Digital Analytics platform that helps companies unlock the power of their products. Thousands . Terms: Earn 20% revenue share for the first year of a customer's su
PS-226,Time Doctor,PartnerStack,PROXIES / DATA,Global,Affiliate Partner Program: earn 30% recurring commission for up to 3 years on every paid customer you refer. Reseller Partner Program: earn on every Time Doctor deal you close. Your Partner Account Manager covers the earnings structure during onboarding.,30-90,Yes (Non-Brand Landing Page),No,No,Yes,Research (PartnerStack File Parsed),Web: PartnerStack | Time Doctor is a workforce analytics platform that empowers managers to lead with trust; not control. It delivers AI-enh. Terms: Affiliate Partner Program: earn 30% recurring commission for
PS-227,Synder,PartnerStack,SALES / CRM,Global,Up to 20% recurring commission for every paid referral,30-90,Yes (Non-Brand Landing Page),No,No,Yes,Research (PartnerStack File Parsed),Web: PartnerStack | Synder is powerful automation software that enables easy accounting for e-commerce businesses and accounting firms. Auto. Terms: Up to 20% recurring commission for every paid referral
PS-228,Hello Bar & Subscribers,PartnerStack,AI / SAAS,Global,"Earn 20% of every sale made, for the life of a customer 🔥",30-90,Yes (Non-Brand Landing Page),No,No,Yes,Research (PartnerStack File Parsed),Web: PartnerStack | Hello Bar & Subscribers help ambitious online companies grow. Hello Bar is a lead capture tool; Subscribers brings visit. Terms: Earn 20% of every sale made; for the life of a customer 🔥
PS-229,Keeper Security,PartnerStack,B2B SAAS,Global,Earn 10% for every order you bring in for the first year of the customer and earn $60 for every qualified lead,30-90,Yes (Non-Brand Landing Page),No,No,Yes,Research (PartnerStack File Parsed),Web: PartnerStack | Keeper is transforming cybersecurity for people and organizations around the world. Keeper's affordable and easy-to-use . Terms: Earn 10% for every order you bring in for the first year of 
PS-230,Paylocity,PartnerStack,HR / PAYROLL,Global,Earn up to $500 per qualified lead!,30-90,Yes (Non-Brand Landing Page),No,No,Yes,Research (PartnerStack File Parsed),Web: PartnerStack | HR & payroll technology company driven by innovation and putting the employee first. Because people matter most. And peo. Terms: Earn up to $500 per qualified lead!
PS-231,Tax1099,PartnerStack,B2B SAAS,Global,Earn 15% on all affiliate e-file referral transactions in the first year!,30-90,Yes (Non-Brand Landing Page),No,No,Yes,Research (PartnerStack File Parsed),Web: PartnerStack | Tax1099 is the leading IRS-authorized eFiling platform for 1099s & more (millions processed). Trusted by 500;000+ busine. Terms: Earn 15% on all affiliate e-file referral transactions in th
PS-232,"POWR, Inc.",PartnerStack,B2B SAAS,Global,Earn 30% commission on all paid referrals! Plus bonuses for sales milestones!,30-90,Yes (Non-Brand Landing Page),No,No,Yes,Research (PartnerStack File Parsed),Web: PartnerStack | POWR is the web's leading app library to help SMBs collect information; engage visitors; boost conversions; & skyrocket . Terms: Earn 30% commission on all paid referrals! Plus bonuses for 
PS-233,Nutshell,PartnerStack,SALES / CRM,Global,Earn 20%-40% recurring commission for one year on all sales,30-90,Yes (Non-Brand Landing Page),No,No,Yes,Research (PartnerStack File Parsed),Web: PartnerStack | We create powerful; easy-to-use sales; marketing; and engagement software that tells teams what’s next at each stage of . Terms: Earn 20%-40% recurring commission for one year on all sales
PS-234,NinjaOne,PartnerStack,B2B SAAS,Global,"Join our affiliate network and earn on clicks, leads, and demos! We personalize based on your advertisement portfolio. Visit our website to learn more about NinjaOne and apply today!",30-90,Yes (Non-Brand Landing Page),No,No,Yes,Research (PartnerStack File Parsed),Web: PartnerStack | Become a NinjaOne affiliate partner and empower your clients to streamline their IT operations! NinjaOne's RMM platform . Terms: Join our affiliate network and earn on clicks; leads; and de
PS-235,iContact,PartnerStack,EMAIL / OUTREACH,Global,Earn up to 35% of our customers' monthly subscription for 12 months.,30-90,Yes (Non-Brand Landing Page),No,No,Yes,Research (PartnerStack File Parsed),Web: PartnerStack | iContact’s email marketing tools help small businesses grow their audience and design and automate beautiful; personaliz. Terms: Earn up to 35% of our customers' monthly subscription for 12
PS-236,"Aplos, Raisely & Keela",PartnerStack,HR / PAYROLL,Global,Earn $250 on every referral that signs on with us,30-90,Yes (Non-Brand Landing Page),No,No,Yes,Research (PartnerStack File Parsed),Web: PartnerStack | Aplos; Raisely; and Keela give nonprofits the tools to manage accounting; fundraising; and donor relationships. Aplos ha. Terms: Earn $250 on every referral that signs on with us
PS-237,Tresorit,PartnerStack,PROXIES / DATA,Global,Earn 50% upto $2000 on every successful sale,30-90,Yes (Non-Brand Landing Page),No,No,Yes,Research (PartnerStack File Parsed),Web: PartnerStack | Tresorit lets you securely store & share files in the cloud with end-to-end encryption. Our mission is to protect your p. Terms: Earn 50% upto $2000 on every successful sale
PS-238,Weave Communications Inc.,PartnerStack,B2B SAAS,Global,$250 commission for demo-complete and up to $750 per closed-won deal,30-90,Yes (Non-Brand Landing Page),No,No,Yes,Research (PartnerStack File Parsed),Web: PartnerStack | Weave is an all-in-one communications platform for texting; phone; scheduling; payments & more—helping over 35K Dental; . Terms: $250 commission for demo-complete and up to $750 per closed-
PS-239,Shoeboxed,PartnerStack,B2B SAAS,Global,Earn 20% for every customer purchase in their first year and more!,30-90,Yes (Non-Brand Landing Page),No,No,Yes,Research (PartnerStack File Parsed),Web: PartnerStack | Join over one million businesses scanning & organizing receipts; creating expense reports; and more with Shoeboxed.. Terms: Earn 20% for every customer purchase in their first year and
PS-240,The Go Game,PartnerStack,B2B SAAS,Global,Earn 15% of the first 2 transactions for every referral!,30-90,Yes (Non-Brand Landing Page),No,No,Yes,Research (PartnerStack File Parsed),Web: PartnerStack | We create and offer fun and engaging virtual; hybrid; and in-person team-building events for every budget. Our experienc. Terms: Earn 15% of the first 2 transactions for every referral!
PS-241,Salesmsg,PartnerStack,SALES / CRM,Global,Earn 15% recurring revenue on every referral. Certified resellers earn 20% with multi-year revenue share. Co-marketing and co-sell opportunities for active HubSpot and Salesforce agency partners.,30-90,Yes (Non-Brand Landing Page),No,No,Yes,Research (PartnerStack File Parsed),Web: PartnerStack | Salesmsg is the AI-native revenue communication platform built natively for HubSpot and Salesforce. We unify texting; ca. Terms: Earn 15% recurring revenue on every referral. Certified rese
PS-242,Iconosquare,PartnerStack,HR / PAYROLL,Global,💸 Earn up to $250 in commissions or up to 35% recurring commissions for each new customer,30-90,Yes (Non-Brand Landing Page),No,No,Yes,Research (PartnerStack File Parsed),Web: PartnerStack | Iconosquare is a smart solution for effortless Social Media Management trusted by more than 10.000 brands and agencies a. Terms: 💸 Earn up to $250 in commissions or up to 35% recurring comm
PS-243,ngram,PartnerStack,HR / PAYROLL,Global,Earn up to 30% Revenue Share depending on the plan purchase,30-90,Yes (Non-Brand Landing Page),No,No,Yes,Research (PartnerStack File Parsed),Web: PartnerStack | ngram is an AI Video Engine. Help Marketing and product teams create professional videos without hiring a video team. Ea. Terms: Earn up to 30% Revenue Share depending on the plan purchase
PS-244,Carepatron,PartnerStack,HR / PAYROLL,Global,Earn 20% of every sale for the customer’s first year!,30-90,Yes (Non-Brand Landing Page),No,No,Yes,Research (PartnerStack File Parsed),Web: PartnerStack | Where care happens. Build your dream practice with an innovative; all-in-one EHR; designed for modern health and wellnes. Terms: Earn 20% of every sale for the customer’s first year!
PS-245,Ruby,PartnerStack,HR / PAYROLL,Global,Earn $150 for every paid customer!,30-90,Yes (Non-Brand Landing Page),No,No,Yes,Research (PartnerStack File Parsed),Web: PartnerStack | Ruby helps small businesses save time; build loyalty; and create meaningful connections with callers and website visitor. Terms: Earn $150 for every paid customer!
PS-246,Miro - Affiliate,PartnerStack,AI / SAAS,Global,Earn up to $60 commission for every new business that signs up to Miro!,30-90,Yes (Non-Brand Landing Page),No,No,Yes,Research (PartnerStack File Parsed),Web: PartnerStack | Introducing the Innovation Workspace of Miro. A single; AI-powered collaboration platform that helps teams move faster f. Terms: Earn up to $60 commission for every new business that signs 
PS-247,MindStudio,PartnerStack,AI / SAAS,Global,Earn 20% revenue share for the first 12 months of every workspace subscription,30-90,Yes (Non-Brand Landing Page),No,No,Yes,Research (PartnerStack File Parsed),Web: PartnerStack | Rapidly build AI agents with MindStudio's flexible and secure no-code platform.. Terms: Earn 20% revenue share for the first 12 months of every work
PS-248,8fig,PartnerStack,AI / SAAS,Global,10% revenue share,30-90,Yes (Non-Brand Landing Page),No,No,Yes,Research (PartnerStack File Parsed),Web: PartnerStack | 8fig is revolutionizing the way eCommerce founders scale their stores with a growth funding platform that aligns continu. Terms: 10% revenue share
PS-249,Volza,PartnerStack,B2B SAAS,Global,Earn up to 21% commission on every closed deal. Earn up to $2100 per sale.,30-90,Yes (Non-Brand Landing Page),No,No,Yes,Research (PartnerStack File Parsed),Web: PartnerStack | Volza is a global trade-intelligence platform providing verified international trade information and actionable market i. Terms: Earn up to 21% commission on every closed deal. Earn up to $
PS-250,Flatpay,PartnerStack,AI / SAAS,Global,Earn up to 200 EUR for a qualified lead!,30-90,Yes (Non-Brand Landing Page),No,No,Yes,Research (PartnerStack File Parsed),Web: PartnerStack | Flatpay makes it easy for businesses to accept payments with transparent pricing; no hidden fees; and fast daily payouts. Terms: Earn up to 200 EUR for a qualified lead!
PS-251,Pagecloud,PartnerStack,B2B SAAS,Global,Earn 20% lifetime commissions and give your community an exclusive 20% discount!,30-90,Yes (Non-Brand Landing Page),No,No,Yes,Research (PartnerStack File Parsed),Web: PartnerStack | The go-to website builder for small business! Pagecloud’s visual website and popup builder is packed with features entre. Terms: Earn 20% lifetime commissions and give your community an exc
PS-252,RocketReach LLC,PartnerStack,SALES / CRM,Global,"Earn 20% on Annual Subscriptions - Potential ARR $2,400",30-90,Yes (Non-Brand Landing Page),No,No,Yes,Research (PartnerStack File Parsed),Web: PartnerStack | RocketReach is the leading sales intelligence platform with more than 700 million professionals and 35 million companies. Terms: Earn 20% on Annual Subscriptions - Potential ARR $2;400
PS-253,Hubstaff,PartnerStack,B2B SAAS,Global,Earn up to 30% of the customers first year fees!,30-90,Yes (Non-Brand Landing Page),No,No,Yes,Research (PartnerStack File Parsed),Web: PartnerStack | Hubstaff provides robust time tracking software; project management tools; and workforce analytics designed to increase . Terms: Earn up to 30% of the customers first year fees!
PS-254,Closely,PartnerStack,SALES / CRM,Global,Earn up to 30% recurring commission for the first 12 months of each paying customer you refer,30-90,Yes (Non-Brand Landing Page),No,No,Yes,Research (PartnerStack File Parsed),Web: PartnerStack | Closely is an all-in-one sales engagement platform designed to supercharge your sales strategy via email and LinkedIn. W. Terms: Earn up to 30% recurring commission for the first 12 months 
PS-255,"Sovos Brands: TINCheck, 1099PRO, eFileMyForms & ReportMyUP",PartnerStack,AI / SAAS,Global,Earn 15% on the first year of customer purchases!,30-90,Yes (Non-Brand Landing Page),No,No,Yes,Research (PartnerStack File Parsed),Web: PartnerStack | Sovos is the leading provider of global compliance and regulatory solutions. With our tax identity management and 1099 r. Terms: Earn 15% on the first year of customer purchases!
PS-256,Feedvisor,PartnerStack,B2B SAAS,Global,Earn 10% commission for every qualified customer,30-90,Yes (Non-Brand Landing Page),No,No,Yes,Research (PartnerStack File Parsed),Web: PartnerStack | The Fastest; Smartest Inventory-Aware Pricing Optimization Ever Introducing an award-winning solution for private label . Terms: Earn 10% commission for every qualified customer
PS-257,ServiceM8,PartnerStack,SALES / CRM,Global,Get 80% on the first 12 months for every referred subscriber.,30-90,Yes (Non-Brand Landing Page),No,No,Yes,Research (PartnerStack File Parsed),Web: PartnerStack | The app for trade contractors & home services; with everything in one place — job cards; scheduling; time tracking; CRM;. Terms: Get 80% on the first 12 months for every referred subscriber
PS-258,Influencer Hero,PartnerStack,HR / PAYROLL,Global,Earn up to 30% recurring commission by referring brands to our all-in-one influencer marketing platform,30-90,Yes (Non-Brand Landing Page),No,No,Yes,Research (PartnerStack File Parsed),Web: PartnerStack | ALL-IN-ONE Influencer Marketing Platform. Helping brands drive ROI through influencers. Leveraging big data; automation;. Terms: Earn up to 30% recurring commission by referring brands to o
PS-259,Blinq,PartnerStack,PROXIES / DATA,Global,20% of revenue for each subscriber for the first year (Average $200 per customer),30-90,Yes (Non-Brand Landing Page),No,No,Yes,Research (PartnerStack File Parsed),Web: PartnerStack | Blinq is a digital business card and lead capture platform that transforms professional networking and maximises the val. Terms: 20% of revenue for each subscriber for the first year (Avera
PS-260,Toggl,PartnerStack,B2B SAAS,Global,Get 30% commission on the first payment from every new customer you refer to Toggl Track.,30-90,Yes (Non-Brand Landing Page),No,No,Yes,Research (PartnerStack File Parsed),Web: PartnerStack | Toggl Track makes time tracking effortless with one-click timers; powerful reports; and 100+ integrations. Trusted by ov. Terms: Get 30% commission on the first payment from every new custo
PS-261,Coast,PartnerStack,AI / SAAS,Global,Get $300 Per Approved Application,30-90,Yes (Non-Brand Landing Page),No,No,Yes,Research (PartnerStack File Parsed),Web: PartnerStack | Coast is a smart fuel card and expense management built on the Visa network. Drivers can fill up anywhere their Visa is . Terms: Get $300 Per Approved Application
PS-262,Checkr,PartnerStack,AI / SAAS,Global,Earn $150 for every paid signup for businesses,30-90,Yes (Non-Brand Landing Page),No,No,Yes,Research (PartnerStack File Parsed),Web: PartnerStack | Checkr is the AI verification platform for high-stakes decisions. Checkr AI decodes messy; fragmented; hard-to-verify in. Terms: Earn $150 for every paid signup for businesses
PS-263,Claap,PartnerStack,SALES / CRM,Global,Earn up to 30% recurring commission,30-90,Yes (Non-Brand Landing Page),No,No,Yes,Research (PartnerStack File Parsed),Web: PartnerStack | Claap is an AI sales intelligence platform that turns sales conversations into structured; actionable data to improve te. Terms: Earn up to 30% recurring commission
PS-264,CallHippo,PartnerStack,EMAIL / OUTREACH,Global,Earn 20% lifetime commission for every paid customer,30-90,Yes (Non-Brand Landing Page),No,No,Yes,Research (PartnerStack File Parsed),Web: PartnerStack | CallHippo is a business communication automation platform that unifies virtual calls; WhatsApp; email; chat; and social . Terms: Earn 20% lifetime commission for every paid customer
PS-265,Hive,PartnerStack,B2B SAAS,Global,20% of Initial Sale,30-90,Yes (Non-Brand Landing Page),No,No,Yes,Research (PartnerStack File Parsed),Web: PartnerStack | Hive is the productivity platform for high-performing teams.. Terms: 20% of Initial Sale
PS-266,Envoy,PartnerStack,B2B SAAS,Global,Earn 15% of the first year ARR on every customer transaction,30-90,Yes (Non-Brand Landing Page),No,No,Yes,Research (PartnerStack File Parsed),Web: PartnerStack | We protect the places the world relies on most. We're uniting people; spaces; and communications on one workplace manage. Terms: Earn 15% of the first year ARR on every customer transaction
PS-267,Zendesk,PartnerStack,PROXIES / DATA,Global,Earn 15% of commission for the first year!,30-90,Yes (Non-Brand Landing Page),No,No,Yes,Research (PartnerStack File Parsed),Web: PartnerStack | Zendesk is an omnichannel service platform that centralizes all your customer support tools in one place. Your conversat. Terms: Earn 15% of commission for the first year!
PS-268,Beautiful.ai,PartnerStack,SALES / CRM,Global,"Earn up to $43 per referral promoting Beautiful.ai -- 30% commission on Pro plans ($144/year), 15% on Teams plans ($480/user/year). First-year payout on annual, first-month on monthly.",30-90,Yes (Non-Brand Landing Page),No,No,Yes,Research (PartnerStack File Parsed),Web: PartnerStack | Beautiful.ai is the AI presentation tool for pros who ship client decks; investor pitches; and sales proposals. $43 per . Terms: Earn up to $43 per referral promoting Beautiful.ai -- 30% co
PS-269,ZEP,PartnerStack,B2B SAAS,Global,Earn up to +20% recurring commissions or 35% of the first 12 months (ACV $500),30-90,Yes (Non-Brand Landing Page),No,No,Yes,Research (PartnerStack File Parsed),Web: PartnerStack | B2B SaaS provider of cloud solutions for project management; project time tracking and working time tracking. With +3000. Terms: Earn up to +20% recurring commissions or 35% of the first 12
PS-270,Gravity,PartnerStack,B2B SAAS,Global,Earn 20% commission on all paid subscriptions for the first year!,30-90,Yes (Non-Brand Landing Page),No,No,Yes,Research (PartnerStack File Parsed),Web: PartnerStack | The most powerful solution for building custom forms and flows to connect with your users and expand your reach. All in . Terms: Earn 20% commission on all paid subscriptions for the first 
PS-271,Alidrop,PartnerStack,B2B SAAS,Global,Up to 50% for each paid costumer,30-90,Yes (Non-Brand Landing Page),No,No,Yes,Research (PartnerStack File Parsed),Web: PartnerStack | Launch your successful AliExpress dropshipping store with AliDrop. Access millions of products; fast shipping; and seaml. Terms: Up to 50% for each paid costumer
PS-272,Netlify,PartnerStack,AI / SAAS,Global,"Earn 20% commission for up to 24 months on referrals, renewals, and expansion.",30-90,Yes (Non-Brand Landing Page),No,No,Yes,Research (PartnerStack File Parsed),Web: PartnerStack | Over 17 million users rely on Netlify to build; deploy; host and ship custom websites; apps; prototypes; and internal to. Terms: Earn 20% commission for up to 24 months on referrals; renewa
PS-273,Really Good Emails (RGE Studio),PartnerStack,EMAIL / OUTREACH,Global,Earn 20% of First Year Revenue for Each New Paid Subscription,30-90,Yes (Non-Brand Landing Page),No,No,Yes,Research (PartnerStack File Parsed),Web: PartnerStack | With over a decade of building email software for the biggest marketing platforms on the planet; RGE Studio (formerly kn. Terms: Earn 20% of First Year Revenue for Each New Paid Subscriptio
PS-274,Prezi,PartnerStack,AI / SAAS,Global,"Earn 50% commission for every new subscription you refer (Launch offer valid until July 1, 2026)",30-90,Yes (Non-Brand Landing Page),No,No,Yes,Research (PartnerStack File Parsed),Web: PartnerStack | Prezi is an AI presentation tool that helps you stand out; bring your ideas to life; and create interactive presentation. Terms: Earn 50% commission for every new subscription you refer (La
PS-275,"AiSDR, Inc.",PartnerStack,SALES / CRM,Global,Earn 20% commissions for the first year!,30-90,Yes (Non-Brand Landing Page),No,No,Yes,Research (PartnerStack File Parsed),Web: PartnerStack | AiSDR is the first AI sales agent that can take care of the entire outreach end-to-end and have a meaningful conversatio. Terms: Earn 20% commissions for the first year!
PS-276,Shopmonkey,PartnerStack,B2B SAAS,Global,Earn $300 for every Demo Held Lead,30-90,Yes (Non-Brand Landing Page),No,No,Yes,Research (PartnerStack File Parsed),Web: PartnerStack | Shopmonkey is an all-in-one cloud-based shop management system used to organize and operate all aspects of a shop's oper. Terms: Earn $300 for every Demo Held Lead
PS-277,Storylane,PartnerStack,SALES / CRM,Global,Earn 20% commission on every successful referral - $1200 average for Growth customers,30-90,Yes (Non-Brand Landing Page),No,No,Yes,Research (PartnerStack File Parsed),Web: PartnerStack | Help your clients generate more high-intent leads from their website as well as enable them to improve their sales veloc. Terms: Earn 20% commission on every successful referral - $1200 ave
PS-278,Airia,PartnerStack,AI / SAAS,Global,Earn 10% on new software sales for the first year. Additional 20% through the end of March 2026!,30-90,Yes (Non-Brand Landing Page),No,No,Yes,Research (PartnerStack File Parsed),Web: PartnerStack | Airia is a leading Enterprise AI Orchestration Platform; empowering organizations to securely build and manage AI soluti. Terms: Earn 10% on new software sales for the first year. Additiona
PS-279,Office Timeline,PartnerStack,B2B SAAS,Global,"Earn up to 50% commission in Year 1 (~$100 per referral). CPC, CPL, & CPA models available.",30-90,Yes (Non-Brand Landing Page),No,No,Yes,Research (PartnerStack File Parsed),Web: PartnerStack | Create project timelines; Gantt charts; and roadmaps in PowerPoint with Office Timeline—a project management add-in buil. Terms: Earn up to 50% commission in Year 1 (~$100 per referral). CP
PS-280,Bitdefender,PartnerStack,AI / SAAS,Global,50% Commission | $300 AOV,30-90,Yes (Non-Brand Landing Page),No,No,Yes,Research (PartnerStack File Parsed),Web: PartnerStack | Bitdefender is a Global Leader in Cybersecurity. Enterprise-grade; multi-layered protection simplified for Small and Med. Terms: 50% Commission | $300 AOV
PS-281,Tradify,PartnerStack,B2B SAAS,Global,Earn 30% Extra Payout this August. Refer a new customer and earn an increased payout for every referral that converts before 31 August.,30-90,Yes (Non-Brand Landing Page),No,No,Yes,Research (PartnerStack File Parsed),Web: PartnerStack | Tradify is the #1 job management software designed specifically for tradespeople. From quoting and scheduling to invoici. Terms: Earn 30% Extra Payout this August. Refer a new customer and 
PS-282,Contractor Foreman,PartnerStack,B2B SAAS,Global,Earn 20% on your customer's first purchase or $150 per qualified attended demo!,30-90,Yes (Non-Brand Landing Page),No,No,Yes,Research (PartnerStack File Parsed),Web: PartnerStack | Contractor Foreman is the ultimate game-changer for construction pros—a powerhouse SaaS solution that redefines project . Terms: Earn 20% on your customer's first purchase or $150 per quali
PS-283,EasyDMARC,PartnerStack,EMAIL / OUTREACH,Global,Earn 15% commission on all paid subscriptions,30-90,Yes (Non-Brand Landing Page),No,No,Yes,Research (PartnerStack File Parsed),Web: PartnerStack | EasyDMARC is a B2B SaaS to solve email security and deliverability problems in just a few clicks. With advanced tools; o. Terms: Earn 15% commission on all paid subscriptions
PS-284,Assembly,PartnerStack,B2B SAAS,Global,"Earn 20% of your referred customer's subscription revenue for one year, up to $1,200 per customer.",30-90,Yes (Non-Brand Landing Page),No,No,Yes,Research (PartnerStack File Parsed),Web: PartnerStack | Assembly's product suite gives service business an all-in-one solution for client management; communication; payments; f. Terms: Earn 20% of your referred customer's subscription revenue fo
PS-285,Deputy,PartnerStack,AI / SAAS,Global,Earn competitive revenue commission (15-25%) & pass on product discounts to your customers.,30-90,Yes (Non-Brand Landing Page),No,No,Yes,Research (PartnerStack File Parsed),Web: PartnerStack | Deputy.com helps simplify scheduling and reduce labor costs for over 300;000 companies globally. We work with customers . Terms: Earn competitive revenue commission (15-25%) & pass on produ
PS-286,Runway Health,PartnerStack,B2B SAAS,Global,Earn $15 for each Referral!,30-90,Yes (Non-Brand Landing Page),No,No,Yes,Research (PartnerStack File Parsed),Web: PartnerStack | The leading telehealth company specialized in travel health.. Terms: Earn $15 for each Referral!
PS-287,Taxfyle,PartnerStack,FINANCE / ACCOUNTING,Global,30% commission for every customer purchase in their first year!,30-90,Yes (Non-Brand Landing Page),No,No,Yes,Research (PartnerStack File Parsed),Web: PartnerStack | Taxfyle is a technology-driven platform connecting people and businesses with licensed tax professionals and bookkeepers. Terms: 30% commission for every customer purchase in their first ye
PS-288,Pangram Labs,PartnerStack,AI / SAAS,Global,Earn 30% recurring monthly commissions up to 12 months!,30-90,Yes (Non-Brand Landing Page),No,No,Yes,Research (PartnerStack File Parsed),Web: PartnerStack | We are a research-backed AI detection company that helps educators; content creators; and other organizations create AI . Terms: Earn 30% recurring monthly commissions up to 12 months!
PS-289,Alohi,PartnerStack,B2B SAAS,Global,Earn up to $180 per paid referral,30-90,Yes (Non-Brand Landing Page),No,No,Yes,Research (PartnerStack File Parsed),Web: PartnerStack | Send a fax from your browser. Sign a document in seconds. Alohi is a Swiss company behind Fax.Plus and Sign.Plus; truste. Terms: Earn up to $180 per paid referral
PS-290,Signable,PartnerStack,AI / SAAS,Global,Earn 10% on every customer purchase for the first year!,30-90,Yes (Non-Brand Landing Page),No,No,Yes,Research (PartnerStack File Parsed),Web: PartnerStack | Signable offers clients worldwide a secure; reliable and efficient eSignature solution! With a dedicated support team an. Terms: Earn 10% on every customer purchase for the first year!
PS-291,"Answering Service Care, LLC",PartnerStack,AI / SAAS,Global,Earn % Rewards For the Lifetime of the Customers!,30-90,Yes (Non-Brand Landing Page),No,No,Yes,Research (PartnerStack File Parsed),Web: PartnerStack | Answering Service Care (ASC) is a 24/7 answering service for 4000+ businesses; serving all industries. ASC provides trai. Terms: Earn % Rewards For the Lifetime of the Customers!
PS-292,Sender,PartnerStack,EMAIL / OUTREACH,Global,Earn up to 40% lifetime commission for every customer you refer.,30-90,Yes (Non-Brand Landing Page),No,No,Yes,Research (PartnerStack File Parsed),Web: PartnerStack | Sender.net is an all-in-one email and SMS marketing platform built for businesses that want powerful automation without . Terms: Earn up to 40% lifetime commission for every customer you re
PS-293,Survicate,PartnerStack,AI / SAAS,Global,$1 for each signup || $20 for each qualified signup || 15-40%+ revenue share,30-90,Yes (Non-Brand Landing Page),No,No,Yes,Research (PartnerStack File Parsed),Web: PartnerStack | A customer survey and AI feedback platform that helps businesses collect insights for improving customer experience. Sur. Terms: $1 for each signup || $20 for each qualified signup || 15-40
PS-294,Jibble,PartnerStack,AI / SAAS,Global,Affiliates can claim 50.0% commission for up to 1 year!,30-90,Yes (Non-Brand Landing Page),No,No,Yes,Research (PartnerStack File Parsed),Web: PartnerStack | Join our affiliate/reseller program and earn comission for up to 50% for every client that subscribes to one of Jibble's. Terms: Affiliates can claim 50.0% commission for up to 1 year!
PS-295,Zeffy,PartnerStack,SALES / CRM,Global,Earn 30% of all tips for the first 12 months - average of $500 per signup,30-90,Yes (Non-Brand Landing Page),No,No,Yes,Research (PartnerStack File Parsed),Web: PartnerStack | Zeffy is the only zero-fee fundraising and donor management platform for nonprofits. Trusted by more than 100;000 organi. Terms: Earn 30% of all tips for the first 12 months - average of $5
PS-296,Goflow,PartnerStack,B2B SAAS,Global,"Earn 10% or more revenue share - apply today! (ACV $5,000+/yr)",30-90,Yes (Non-Brand Landing Page),No,No,Yes,Research (PartnerStack File Parsed),Web: PartnerStack | Goflow is a global leader in Multichannel Operating System (MCOS) that enables ecommerce sellers to manage their channel. Terms: Earn 10% or more revenue share - apply today! (ACV $5;000+/y
PS-297,Databox,PartnerStack,PROXIES / DATA,Global,"20% per new customer for 12 months (up to $1,200/customer)",30-90,Yes (Non-Brand Landing Page),No,No,Yes,Research (PartnerStack File Parsed),Web: PartnerStack | Databox is an AI-powered analytics platform used by 20;000+ teams and agencies. It offers the best of BI; without the co. Terms: 20% per new customer for 12 months (up to $1;200/customer)
PS-298,Accelerated Growth Studio,PartnerStack,AI / SAAS,Global,Earn $2000 per paid customer!,30-90,Yes (Non-Brand Landing Page),No,No,Yes,Research (PartnerStack File Parsed),Web: PartnerStack | We grow DTC brands. One click at a time. AGS is a performance marketing agency built to scale revenue; not just run ads.. Terms: Earn $2000 per paid customer!
PS-299,Spiky.ai,PartnerStack,SALES / CRM,Global,Up to 20% revenue share,30-90,Yes (Non-Brand Landing Page),No,No,Yes,Research (PartnerStack File Parsed),Web: PartnerStack | AI-powered conversation intelligence platform to turn every meeting into a measurable impact through actionable insights. Terms: Up to 20% revenue share
PS-300,Prevue HR,PartnerStack,HR / PAYROLL,Global,Earn 15% for the 1st year on all new customers,30-90,Yes (Non-Brand Landing Page),No,No,Yes,Research (PartnerStack File Parsed),Web: PartnerStack | Modernize your hiring with Prevue Assessments. Our pre-employment assessments are designed to help you make smarter; dat. Terms: Earn 15% for the 1st year on all new customers
PS-301,AgencyAnalytics,PartnerStack,PROXIES / DATA,Global,Earn up to 25% recurring by referring qualified agency customers!,30-90,Yes (Non-Brand Landing Page),No,No,Yes,Research (PartnerStack File Parsed),Web: PartnerStack | AgencyAnalytics is the client reporting and performance analytics platform built specifically for marketing agencies. Tr. Terms: Earn up to 25% recurring by referring qualified agency custo
PS-302,Signal House,PartnerStack,B2B SAAS,Global,"Earn 10%-25% Revenue Share - Avg ACV $25,000",30-90,Yes (Non-Brand Landing Page),No,No,Yes,Research (PartnerStack File Parsed),Web: PartnerStack | Signal House is an SMS and Voice API platform built as the best Twilio alternative; offering lower pricing; white-glove . Terms: Earn 10%-25% Revenue Share - Avg ACV $25;000
PS-303,Expertise AI,PartnerStack,SALES / CRM,Global,20% revenue share for 3 years if the referral converts (≈$18K total on a $30K deal),30-90,Yes (Non-Brand Landing Page),No,No,Yes,Research (PartnerStack File Parsed),Web: PartnerStack | AI sales agent that replaces traditional stone age chatbots for HubSpot first businesses. Terms: 20% revenue share for 3 years if the referral converts (≈$18
PS-304,MRPeasy,PartnerStack,B2B SAAS,Global,20% recurring revenue share for up to 3 years!,30-90,Yes (Non-Brand Landing Page),No,No,Yes,Research (PartnerStack File Parsed),Web: PartnerStack | Earn 20% recurring commission for up to 3 years by referring manufacturers to MRPeasy - the top-rated manufacturing ERP . Terms: 20% recurring revenue share for up to 3 years!
PS-305,Vista Social,PartnerStack,B2B SAAS,Global,25-50% recurring commission,30-90,Yes (Non-Brand Landing Page),No,No,Yes,Research (PartnerStack File Parsed),Web: PartnerStack | Join Vista Social's affiliate program and earn 25% recurring commissions for 12 months on a product that converts. We're. Terms: 25-50% recurring commission
PS-306,Campaign Monitor by Marigold,PartnerStack,EMAIL / OUTREACH,Global,Earn 25% Lifetime Revenue Share,30-90,Yes (Non-Brand Landing Page),No,No,Yes,Research (PartnerStack File Parsed),Web: PartnerStack | Campaign Monitor by Marigold empowers small businesses to create email marketing programs that deliver results. Our easy. Terms: Earn 25% Lifetime Revenue Share
PS-307,PitneyShip,PartnerStack,B2B SAAS,Global,Earn 15% of your referral's monthly rebate revenue for their first year as a customer!,30-90,Yes (Non-Brand Landing Page),No,No,Yes,Research (PartnerStack File Parsed),Web: PartnerStack | PitneyShip® simplifies shipping by offering discounted rates from major carriers; easy rate comparisons; and streamlined. Terms: Earn 15% of your referral's monthly rebate revenue for their
PS-308,FlexiQuiz,PartnerStack,B2B SAAS,Global,Earn 25% of all new customers for the first two years,30-90,Yes (Non-Brand Landing Page),No,No,Yes,Research (PartnerStack File Parsed),Web: PartnerStack | FlexiQuiz is a fully customizable quiz-maker platform with LMS functionality.. Terms: Earn 25% of all new customers for the first two years
PS-309,Payoneer Workforce Management,PartnerStack,B2B SAAS,Global,Get $1000 for each qualified lead + additional $1500 for every new paying customer!,30-90,Yes (Non-Brand Landing Page),No,No,Yes,Research (PartnerStack File Parsed),Web: PartnerStack | As a trusted publicly traded global payment and Workforce Management Platform [NASDAQ: PAYO]; we help businesses onboard. Terms: Get $1000 for each qualified lead + additional $1500 for eve
PS-310,Employment Hero,PartnerStack,HR / PAYROLL,Global,Earn AUD$200 or £100 for every qualified demo booking that meets our ideal customer profile.,30-90,Yes (Non-Brand Landing Page),No,No,Yes,Research (PartnerStack File Parsed),Web: PartnerStack | Employment Hero is the world’s first EmploymentOS; helping 300;000+ businesses manage hiring; HR; payroll; and more in o. Terms: Earn AUD$200 or £100 for every qualified demo booking that m
PS-311,Momence,PartnerStack,B2B SAAS,Global,Earn $500 for each paid signup.,30-90,Yes (Non-Brand Landing Page),No,No,Yes,Research (PartnerStack File Parsed),Web: PartnerStack | The #1 platform for studios; gyms; spas; and dance schools. Put your backend admin on autopilot and get back to doing wh. Terms: Earn $500 for each paid signup.
PS-312,WiseStamp,PartnerStack,EMAIL / OUTREACH,Global,Earn up to 30% of revenue on every sales - Average $300 per customer,30-90,Yes (Non-Brand Landing Page),No,No,Yes,Research (PartnerStack File Parsed),Web: PartnerStack | WiseStamp is an award-winning; enterprise-grade email signature management platform designed to scale with the needs of . Terms: Earn up to 30% of revenue on every sales - Average $300 per 
PS-313,BidX,PartnerStack,AI / SAAS,Global,Earn 20% for the lifetime of the customer!,30-90,Yes (Non-Brand Landing Page),No,No,Yes,Research (PartnerStack File Parsed),Web: PartnerStack | BidX is a seamless; AI-powered paid advertising platform for Amazon and Walmart sellers. It covers Sponsored Products; D. Terms: Earn 20% for the lifetime of the customer!
PS-314,Devs.ai,PartnerStack,PROXIES / DATA,Global,Earn 20% Revenue Share for the first year,30-90,Yes (Non-Brand Landing Page),No,No,Yes,Research (PartnerStack File Parsed),Web: PartnerStack | Devs.ai is an AI platform where teams of any size build AI-powered business applications and deploy custom agents - with. Terms: Earn 20% Revenue Share for the first year
PS-315,Calilio,PartnerStack,AI / SAAS,Global,Earn 30% revenue share for the lifetime of customer purchases,30-90,Yes (Non-Brand Landing Page),No,No,Yes,Research (PartnerStack File Parsed),Web: PartnerStack | Calilio is an AI-powered phone system and cloud call center solution built for growing businesses. It helps manage calls. Terms: Earn 30% revenue share for the lifetime of customer purchase
PS-316,Every,PartnerStack,HR / PAYROLL,Global,"Business Banking: $3,500 Cash Signing Bonus + 3% Cashback",30-90,Yes (Non-Brand Landing Page),No,No,Yes,Research (PartnerStack File Parsed),Web: PartnerStack | Your back office; built to grow with you. From banking and treasury to payroll; accounting; and taxes—Every.io gives you. Terms: Business Banking: $3;500 Cash Signing Bonus + 3% Cashback
PS-317,AWeber Communications,PartnerStack,HR / PAYROLL,Global,Earn 30% on Customer Purchases!,30-90,Yes (Non-Brand Landing Page),No,No,Yes,Research (PartnerStack File Parsed),Web: PartnerStack | AWeber is an easy-to-use email marketing platform designed to help you grow your business by building relationships with. Terms: Earn 30% on Customer Purchases!
PS-318,"Bokun, a Tripadvisor company",PartnerStack,B2B SAAS,Global,Earn 30% commission of the monthly subscription fee for up to one year,30-90,Yes (Non-Brand Landing Page),No,No,Yes,Research (PartnerStack File Parsed),Web: PartnerStack | The complete booking and channel management solution for extraordinary experiences.. Terms: Earn 30% commission of the monthly subscription fee for up t
PS-319,Wing Assistant,PartnerStack,B2B SAAS,Global,Earn $200 for every paid customer,30-90,Yes (Non-Brand Landing Page),No,No,Yes,Research (PartnerStack File Parsed),Web: PartnerStack | Wing Assistant is the largest provider of Virtual Assistants offering talent from across the globe. The Wing Partnership. Terms: Earn $200 for every paid customer
PS-320,IDrive,PartnerStack,B2B SAAS,Global,Refer and earn 25% recurring commission,30-90,Yes (Non-Brand Landing Page),No,No,Yes,Research (PartnerStack File Parsed),Web: PartnerStack | IDrive provides Cloud Backup for PCs; Macs; iPhones; Android and other Mobile Devices all into ONE account for one low f. Terms: Refer and earn 25% recurring commission
PS-321,Superfiliate,PartnerStack,B2B SAAS,Global,Earn 25% Revenue share for the first year of customer purchases + early adoption bonus of $250,30-90,Yes (Non-Brand Landing Page),No,No,Yes,Research (PartnerStack File Parsed),Web: PartnerStack | Superfiliate is the creator-led growth platform for D2C brands focused on measurable revenue growth. Get unified affilia. Terms: Earn 25% Revenue share for the first year of customer purcha
PS-322,Passpack,PartnerStack,AI / SAAS,Global,Earn 35% on first-year signups!,30-90,Yes (Non-Brand Landing Page),No,No,Yes,Research (PartnerStack File Parsed),Web: PartnerStack | Enterprise-grade credential security built for SMBs; Mid-Markets; and the MSPs who manage them. Zero-knowledge encryptio. Terms: Earn 35% on first-year signups!
PS-323,Vida Global Inc.,PartnerStack,EMAIL / OUTREACH,Global,Earn 10% of net revenue on new referral for two years!,30-90,Yes (Non-Brand Landing Page),No,No,Yes,Research (PartnerStack File Parsed),Web: PartnerStack | Vida.io’s AI Phone Agents give small; medium; and large businesses true 24/7 support across calls; SMS; email; and web c. Terms: Earn 10% of net revenue on new referral for two years!
PS-324,Alvys Inc.,PartnerStack,B2B SAAS,Global,Earn $250 for Demo Completed AND an additional $300 For Every Paid Customer!,30-90,Yes (Non-Brand Landing Page),No,No,Yes,Research (PartnerStack File Parsed),Web: PartnerStack | Join the Alvys Partner Program! Earn rewards for referrals; integrate seamlessly with our all-in-one modern TMS; and acc. Terms: Earn $250 for Demo Completed AND an additional $300 For Ever
PS-325,Vestwell,PartnerStack,HR / PAYROLL,Global,Earn $25 per qualified lead AND 10% revenue share for paid customers!,30-90,Yes (Non-Brand Landing Page),No,No,Yes,Research (PartnerStack File Parsed),Web: PartnerStack | Vestwell is the modern savings platform helping small and mid‑size businesses offer high‑quality; affordable retirement . Terms: Earn $25 per qualified lead AND 10% revenue share for paid c
PS-326,Digit,PartnerStack,AI / SAAS,Global,Earn 25% lifetime revenue share referring Digit to manufacturers and distributors ready to ditch spreadsheets and legacy ERPs.,30-90,Yes (Non-Brand Landing Page),No,No,Yes,Research (PartnerStack File Parsed),Web: PartnerStack | Digit is the modern ERP built for manufacturers and distributors. We unify production; inventory; warehouse; and operati. Terms: Earn 25% lifetime revenue share referring Digit to manufactu
PS-327,Increff,PartnerStack,SALES / CRM,Global,Earn up to 40% commissions for every customer sign up,30-90,Yes (Non-Brand Landing Page),No,No,Yes,Research (PartnerStack File Parsed),Web: PartnerStack | Increff provides cloud-based WMS and merchandising solutions; enabling fashion and D2C brands to optimize inventory; imp. Terms: Earn up to 40% commissions for every customer sign up
PS-328,Shade,PartnerStack,PROXIES / DATA,Global,"Earn 10% commission on all first year revenue (ACV $25,000/customer)",30-90,Yes (Non-Brand Landing Page),No,No,Yes,Research (PartnerStack File Parsed),Web: PartnerStack | Shade is an intelligent cloud storage platform that transforms post-production workflows. It consolidates file streaming. Terms: Earn 10% commission on all first year revenue (ACV $25;000/c
PS-329,Rank Prompt,PartnerStack,AI / SAAS,Global,Earn 30% for the lifetime of the customer!,30-90,Yes (Non-Brand Landing Page),No,No,Yes,Research (PartnerStack File Parsed),Web: PartnerStack | We give you the tools brands the tools they need to scale visibility in AI rankings.. Terms: Earn 30% for the lifetime of the customer!
PS-330,Zypper,PartnerStack,FINANCE / ACCOUNTING,Global,AI-powered personal financial management platform with 20% recurring commissions,30-90,Yes (Non-Brand Landing Page),No,No,Yes,Research (PartnerStack File Parsed),Web: PartnerStack | Zypper is a personal financial management platform.. Terms: AI-powered personal financial management platform with 20% r
PS-331,Getscreen.me,PartnerStack,AI / SAAS,Global,Earn 30% per sale by promoting our solution! Join Our Partner Network!,30-90,Yes (Non-Brand Landing Page),No,No,Yes,Research (PartnerStack File Parsed),Web: PartnerStack | Earn 30% per sale by promoting our solution! Enjoy real-time tracking; monthly payouts; flexible payments; worldwide rea. Terms: Earn 30% per sale by promoting our solution! Join Our Partne
PS-332,Bookyourdata,PartnerStack,PROXIES / DATA,Global,EARN BIG! // Get up to 15% commission for lifetime,30-90,Yes (Non-Brand Landing Page),No,No,Yes,Research (PartnerStack File Parsed),Web: PartnerStack | Bookyourdata pioneers a pay-as-you-go B2B contact data model; trusted by thousands for real-time; high-quality leads. Ea. Terms: EARN BIG! // Get up to 15% commission for lifetime
PS-333,Proton,PartnerStack,EMAIL / OUTREACH,Global,Earn 20% on first year of net new customers,30-90,Yes (Non-Brand Landing Page),No,No,Yes,Research (PartnerStack File Parsed),Web: PartnerStack | Proton offers a privacy-first suite for businesses; including encrypted email; calendar; password manager; file storage . Terms: Earn 20% on first year of net new customers
PS-334,Crazy Egg,PartnerStack,HR / PAYROLL,Global,Earn 15% Revenue Share (or more) for the Life of the Customer!,30-90,Yes (Non-Brand Landing Page),No,No,Yes,Research (PartnerStack File Parsed),Web: PartnerStack | Used by over 449;000 websites; Crazy Egg is a visual analytics and conversion optimization platform that helps businesse. Terms: Earn 15% Revenue Share (or more) for the Life of the Custome
PS-335,Fireflies.ai,PartnerStack,AI / SAAS,Global,"10% RevShare for 1 year for Affiliates, and up to 30% RevShare for Resellers",30-90,Yes (Non-Brand Landing Page),No,No,Yes,Research (PartnerStack File Parsed),Web: PartnerStack | The #1 AI Teammate for Meetings. Record; transcribe; summarize; take notes; and complete actions during meetings.. Terms: 10% RevShare for 1 year for Affiliates; and up to 30% RevSha
PS-336,CoRecruit (formerly Quil),PartnerStack,PROXIES / DATA,Global,Earn $100 for every successful CoRecruit referral!,30-90,Yes (Non-Brand Landing Page),No,No,Yes,Research (PartnerStack File Parsed),Web: PartnerStack | CoRecruit is the #1 AI assistant for recruitment agencies. Automate your interview notes; ATS updates; and AI-generated . Terms: Earn $100 for every successful CoRecruit referral!
PS-337,DataSnipper,PartnerStack,PROXIES / DATA,Global,Earn up to 30% of commissionable revenue!,30-90,Yes (Non-Brand Landing Page),No,No,Yes,Research (PartnerStack File Parsed),Web: PartnerStack | DataSnipper is an intelligent automation platform that automatically and securely extracts; cross-references and validat. Terms: Earn up to 30% of commissionable revenue!
PS-338,Planday,PartnerStack,HR / PAYROLL,Global,Earn up to 15% recurring commission on every successful referral!,30-90,Yes (Non-Brand Landing Page),No,No,Yes,Research (PartnerStack File Parsed),Web: PartnerStack | Planday helps shift-based businesses plan work more predictably by bringing clarity to scheduling and stability to opera. Terms: Earn up to 15% recurring commission on every successful refe
PS-339,Logome.ai,PartnerStack,AI / SAAS,Global,Earn 50% commission on every successful sale.,30-90,Yes (Non-Brand Landing Page),No,No,Yes,Research (PartnerStack File Parsed),Web: PartnerStack | Create a logo and brand kit you'll love with Logome's AI logo generator. Terms: Earn 50% commission on every successful sale.
PS-340,OmniSEO,PartnerStack,SEO / MARKETING,Global,Earn 50% commission for the first year of every new customer! (plans start at $89/mo),30-90,Yes (Non-Brand Landing Page),No,No,Yes,Research (PartnerStack File Parsed),Web: PartnerStack | OmniSEO® is an AI Visibility Platform that helps brands understand; measure; and improve how often they’re recommended b. Terms: Earn 50% commission for the first year of every new customer
PS-341,Ten Speed,PartnerStack,SEO / MARKETING,Global,Earn $300 per qualified lead and 8% of all revenue in the first 12 months (typical ACV $100k+).,30-90,Yes (Non-Brand Landing Page),No,No,Yes,Research (PartnerStack File Parsed),Web: PartnerStack | Ten Speed is the marketing agency that drives sustainable growth for B2B brands via content marketing; SEO; GEO; email; . Terms: Earn $300 per qualified lead and 8% of all revenue in the fi
PS-342,Soul Link,PartnerStack,B2B SAAS,Global,Earn 20% of ongoing customer purchases,30-90,Yes (Non-Brand Landing Page),No,No,Yes,Research (PartnerStack File Parsed),Web: PartnerStack | Soul Link is Wellness and Mental Health app designed to provides a revolutionary combination of Music; Videos; and frequ. Terms: Earn 20% of ongoing customer purchases
PS-343,Evolve,PartnerStack,HR / PAYROLL,Global,Introduce us to an HR or L&D leaders and earn commissions for qualified referrals and signed contracts,30-90,Yes (Non-Brand Landing Page),No,No,Yes,Research (PartnerStack File Parsed),Web: PartnerStack | Evolve is an AI-native enablement and performance platform that automates training creation; adapts to each learner; and. Terms: Introduce us to an HR or L&D leaders and earn commissions fo
PS-344,WestFax,PartnerStack,AI / SAAS,Global,Earn 20% recurring commission for the lifetime of the customer!,30-90,Yes (Non-Brand Landing Page),No,No,Yes,Research (PartnerStack File Parsed),Web: PartnerStack | WestFax provides HIPAA-compliant cloud faxing built for enterprise healthcare organizations. We deliver high fax complet. Terms: Earn 20% recurring commission for the lifetime of the custom
PS-345,Rebolt,PartnerStack,SEO / MARKETING,Global,20% revenue share for the first year,30-90,Yes (Non-Brand Landing Page),No,No,Yes,Research (PartnerStack File Parsed),Web: PartnerStack | Rebolt is the all-in-one marketing platform for home service businesses; offering SEO-optimized websites; social media m. Terms: 20% revenue share for the first year
PS-346,cloro,PartnerStack,AI / SAAS,Global,"50.0% for every transaction, capped at $2,000",30-90,Yes (Non-Brand Landing Page),No,No,Yes,Research (PartnerStack File Parsed),Web: PartnerStack | The search API for the AI era: one API for Google and every AI search engine. Real-time structured JSON for tracking vis. Terms: 50.0% for every transaction; capped at $2;000
PS-347,HiBob Affiliate,PartnerStack,HR / PAYROLL,Global,Earn $200 for every qualified sign-up!,30-90,Yes (Non-Brand Landing Page),No,No,Yes,Research (PartnerStack File Parsed),Web: PartnerStack | HiBob is the modern HRIS built for fast-growing companies. It replaces clunky legacy systems with a clean; scalable plat. Terms: Earn $200 for every qualified sign-up!
PS-348,Arbor,PartnerStack,AI / SAAS,Global,Earn 100$ for every customer conversion,30-90,Yes (Non-Brand Landing Page),No,No,Yes,Research (PartnerStack File Parsed),Web: PartnerStack | Arbor is a platform that lowers the price everyday businesses pay for energy. Power bills can be a confusing maze of hid. Terms: Earn 100$ for every customer conversion
PS-349,DataHawk,PartnerStack,PROXIES / DATA,Global,Earn 15% for the lifetime of the customer!,30-90,Yes (Non-Brand Landing Page),No,No,Yes,Research (PartnerStack File Parsed),Web: PartnerStack | DataHawk brings together Amazon and Walmart data into an enterprise-grade platform. Executive-ready dashboards; daily pe. Terms: Earn 15% for the lifetime of the customer!
PS-350,WebCatalog,PartnerStack,B2B SAAS,Global,Earn 25% for every customer transaction! (average customer contract value $250/yr),30-90,Yes (Non-Brand Landing Page),No,No,Yes,Research (PartnerStack File Parsed),Web: PartnerStack | WebCatalog is an all-in-one toolkit that lets you manage multiple web apps and accounts; organize your workspace by work. Terms: Earn 25% for every customer transaction! (average customer c
PS-351,ThorData,PartnerStack,PROXIES / DATA,Global,"Each customer can receive up to 30% of the revenue, with no upper limit！",30-90,Yes (Non-Brand Landing Page),No,No,Yes,Research (PartnerStack File Parsed),Web: PartnerStack | Thordata offers cutting-edge ethical proxy network tailored to meet the unique demands of businesses and individuals. Wi. Terms: Each customer can receive up to 30% of the revenue; with no 
PS-352,Zenzap,PartnerStack,B2B SAAS,Global,"Earn 20% commission on every paid customer subscription (avg ACV $5,000)",30-90,Yes (Non-Brand Landing Page),No,No,Yes,Research (PartnerStack File Parsed),Web: PartnerStack | Zenzap is the professional work chat app built to replace WhatsApp and SMS in the workplace. With a modern; mobile-first. Terms: Earn 20% commission on every paid customer subscription (avg
PS-353,RUN Powered by ADP,PartnerStack,HR / PAYROLL,Global,"Earn Up to $1,000+ per converted client plus bonus offers",30-90,Yes (Non-Brand Landing Page),No,No,Yes,Research (PartnerStack File Parsed),Web: PartnerStack | Over 900;000 small businesses trust ADP® to deliver a better payroll experience. Our small business expertise and easy-t. Terms: Earn Up to $1;000+ per converted client plus bonus offers
PS-354,Snowfire AI,PartnerStack,PROXIES / DATA,Global,Earn 20% commission on first year net new sales.,30-90,Yes (Non-Brand Landing Page),No,No,Yes,Research (PartnerStack File Parsed),Web: PartnerStack | AI decision intelligence platform that fuses corporate & external data—news; risks; military-grade precision—for real-ti. Terms: Earn 20% commission on first year net new sales.
PS-355,Flocksy,PartnerStack,B2B SAAS,Global,"Earn up to $2,100 per referral with Flocksy!",30-90,Yes (Non-Brand Landing Page),No,No,Yes,Research (PartnerStack File Parsed),Web: PartnerStack | Refer clients to Flocksy - the creative subscription built for scaling teams. Flocksy gives businesses and agencies inst. Terms: Earn up to $2;100 per referral with Flocksy!
PS-356,The Point Co.,PartnerStack,B2B SAAS,Global,Earn 5% of first year contract value paid quarterly,30-90,Yes (Non-Brand Landing Page),No,No,Yes,Research (PartnerStack File Parsed),Web: PartnerStack | BUSINESS DEVELOPMENT is what we do. Let's get you signed up and earning money for your referrals.. Terms: Earn 5% of first year contract value paid quarterly
PS-357,Demodesk,PartnerStack,SALES / CRM,Global,Earn 20% of revenue for the first 12 months! (average $1K per referral),30-90,Yes (Non-Brand Landing Page),No,No,Yes,Research (PartnerStack File Parsed),Web: PartnerStack | AI Agents that listen to sales conversations to automate manual work; coach sellers and generate critical insights.. Terms: Earn 20% of revenue for the first 12 months! (average $1K pe
PS-358,Nickel,PartnerStack,AI / SAAS,Global,"Refer a business, earn $250. Refer an accounting firm, earn $750.",30-90,Yes (Non-Brand Landing Page),No,No,Yes,Research (PartnerStack File Parsed),Web: PartnerStack | Nickel is the easiest way for US businesses to pay and get paid — built for America's core industries: construction; who. Terms: Refer a business; earn $250. Refer an accounting firm; earn 
PS-359,Cerri.com,PartnerStack,HR / PAYROLL,Global,Earn 20% commission on 1st year subscription sales!,30-90,Yes (Non-Brand Landing Page),No,No,Yes,Research (PartnerStack File Parsed),Web: PartnerStack | Cerri Project is enterprise-grade project and portfolio management software that helps organizations manage resources; b. Terms: Earn 20% commission on 1st year subscription sales!
PS-360,Angels Partners,PartnerStack,AI / SAAS,Global,Earn 20% on every customer transaction,30-90,Yes (Non-Brand Landing Page),No,No,Yes,Research (PartnerStack File Parsed),Web: PartnerStack | Built by serial entrepreneurs and ex-VCs; Angels Partners helps entrepreneurs connect with relevant investors in their i. Terms: Earn 20% on every customer transaction
PS-361,Teikametrics,PartnerStack,SALES / CRM,Global,Earn 25% of First Year Subscription Revenue for each successful referral,30-90,Yes (Non-Brand Landing Page),No,No,Yes,Research (PartnerStack File Parsed),Web: PartnerStack | Teikametrics is an AI-powered marketplace optimization platform that helps brands and sellers grow profitably on Amazon;. Terms: Earn 25% of First Year Subscription Revenue for each success
PS-362,Pingtree,PartnerStack,AI / SAAS,Global,"Get paid twice per referral: $15 when they create a free account, $50 when they upgrade to trial.",30-90,Yes (Non-Brand Landing Page),No,No,Yes,Research (PartnerStack File Parsed),Web: PartnerStack | Pingtree helps lead generation businesses turn clicks; calls; and form fills into revenue. Capture every lead; send it t. Terms: Get paid twice per referral: $15 when they create a free acc
PS-363,LettrLabs,PartnerStack,HR / PAYROLL,Global,Earn 3% for 12 months,30-90,Yes (Non-Brand Landing Page),No,No,Yes,Research (PartnerStack File Parsed),Web: PartnerStack | LettrLabs is an automated direct mail platform designed to target; segment; automate and measure results of campaigns. W. Terms: Earn 3% for 12 months
PS-364,Diginius,PartnerStack,B2B SAAS,Global,Earn 25% revenue share for the first 12 months of every sale made,30-90,Yes (Non-Brand Landing Page),No,No,Yes,Research (PartnerStack File Parsed),Web: PartnerStack | Diginius is a software provider; Microsoft Advertising's largest Global Channel Partner of 2025; and a trusted expert fo. Terms: Earn 25% revenue share for the first 12 months of every sale
PS-365,Riverside,PartnerStack,B2B SAAS,Global,Earn up to 25% revenue share,30-90,Yes (Non-Brand Landing Page),No,No,Yes,Research (PartnerStack File Parsed),Web: PartnerStack | Riverside is an all-in-one podcast and video studio for businesses and content creators who demand professional quality . Terms: Earn up to 25% revenue share
PS-366,Pinecone,PartnerStack,PROXIES / DATA,Global,Earn 10% for the customer's first year!,30-90,Yes (Non-Brand Landing Page),No,No,Yes,Research (PartnerStack File Parsed),Web: PartnerStack | Pinecone is the leading vector database for building accurate and performant AI applications at scale in production. Pin. Terms: Earn 10% for the customer's first year!
PS-367,Turbotic,PartnerStack,AI / SAAS,Global,Earn 50% commission on all your referrals for 12 months!,30-90,Yes (Non-Brand Landing Page),No,No,Yes,Research (PartnerStack File Parsed),Web: PartnerStack | Turbotic Automation AI is an AI-powered no-code automation platform that lets anyone create complex workflows by speakin. Terms: Earn 50% commission on all your referrals for 12 months!
PS-368,Notify Me!,PartnerStack,SALES / CRM,Global,"Earn 50% commission for 6 months on every merchant you refer before June 30, then 25% ongoing",30-90,Yes (Non-Brand Landing Page),No,No,Yes,Research (PartnerStack File Parsed),Web: PartnerStack | Notify Me is an all-in-one notification and conversion platform for Shopify merchants. We help stores capture and conver. Terms: Earn 50% commission for 6 months on every merchant you refer
PS-369,Synthflow AI,PartnerStack,HR / PAYROLL,Global,Earn 20% for every paid referral for 12 months,30-90,Yes (Non-Brand Landing Page),No,No,Yes,Research (PartnerStack File Parsed),Web: PartnerStack | Synthflow is a no-code voice AI agent platform that automates customer interactions; helping businesses streamline proce. Terms: Earn 20% for every paid referral for 12 months
PS-370,PDWare,PartnerStack,B2B SAAS,Global,"Earn 10% commission for every paid customer (average commission of $7,500)",30-90,Yes (Non-Brand Landing Page),No,No,Yes,Research (PartnerStack File Parsed),Web: PartnerStack | PDWare provides Project Portfolio Management (PPM) software for businesses with a focus on Resource Management. We help . Terms: Earn 10% commission for every paid customer (average commiss
PS-371,NexGen Technologies LLC,PartnerStack,B2B SAAS,Global,"Earn commission (1-15%) in our affiliate, referral and agent programs",30-90,Yes (Non-Brand Landing Page),No,No,Yes,Research (PartnerStack File Parsed),Web: PartnerStack | NexGen Virtual Workplace transforms all work environments from remote; hybrid to in-office. Now workforces can enjoy wor. Terms: Earn commission (1-15%) in our affiliate; referral and agent
PS-372,Dry Ground AI,PartnerStack,EMAIL / OUTREACH,Global,Earn up to 20% revenue share for the first year (ACV $175-$497),30-90,Yes (Non-Brand Landing Page),No,No,Yes,Research (PartnerStack File Parsed),Web: PartnerStack | AI solutions engineering and research lab with two affiliate products. CompanyClaw: an AI operator built on OpenClaw tha. Terms: Earn up to 20% revenue share for the first year (ACV $175-$4
PS-373,Backlog by Nulab Inc,PartnerStack,B2B SAAS,Global,Earn up to $150 per paid referral — plus exclusive partner offers,30-90,Yes (Non-Brand Landing Page),No,No,Yes,Research (PartnerStack File Parsed),Web: PartnerStack | Backlog is the all-in-one project management platform built for teams that move fast. It helps small and mid-sized teams. Terms: Earn up to $150 per paid referral — plus exclusive partner o
PS-374,Hopp for Business,PartnerStack,B2B SAAS,Global,Earn $200CAD for every new company that takes a ride with Bolt for Business and customers can earn 25% off 20 rides!,30-90,Yes (Non-Brand Landing Page),No,No,Yes,Research (PartnerStack File Parsed),Web: PartnerStack | Hopp for Business is a platform for corporate ground transport connecting companies to over 4 million driver partners. W. Terms: Earn $200CAD for every new company that takes a ride with Bo
PS-375,Adwisely,PartnerStack,AI / SAAS,Global,"40% from subscription, first 12 months (~$1,195/customer)",30-90,Yes (Non-Brand Landing Page),No,No,Yes,Research (PartnerStack File Parsed),Web: PartnerStack | Adwisely is an AI-powered Shopify application designed to help merchants run profitable Meta and Google ads without comp. Terms: 40% from subscription; first 12 months (~$1;195/customer)
PS-376,Ultahost,PartnerStack,AI / SAAS,Global,Join Ultahost Partners,30-90,Yes (Non-Brand Landing Page),No,No,Yes,Research (PartnerStack File Parsed),Web: PartnerStack | Ultahost offers domain registration; reliable web hosting; and intuitive website building tools; empowering individuals . Terms: Join Ultahost Partners
PS-377,Distance,PartnerStack,SALES / CRM,Global,Earn 20% commission for an entire year on every referral (ACV $525 USD/month),30-90,Yes (Non-Brand Landing Page),No,No,Yes,Research (PartnerStack File Parsed),Web: PartnerStack | Distance is the AI Sales Platform built for service businesses. Capture more leads and book more jobs across channels 24. Terms: Earn 20% commission for an entire year on every referral (AC
PS-378,ElevateForward.ai,PartnerStack,AI / SAAS,Global,Earn competitive revenue commissions (20% | $300-$900/Customer) for 6 months!,30-90,Yes (Non-Brand Landing Page),No,No,Yes,Research (PartnerStack File Parsed),Web: PartnerStack | ElevateForward is a strategy and execution platform built for businesses that struggle to turn plans into results. It id. Terms: Earn competitive revenue commissions (20% | $300-$900/Custom
PS-379,QuickSigner,PartnerStack,B2B SAAS,Global,30% for every customer transaction,30-90,Yes (Non-Brand Landing Page),No,No,Yes,Research (PartnerStack File Parsed),Web: PartnerStack | QuickSigner delivers everything you need to sign — without the bloat. ISO 27001-certified; legally binding via Adobe's A. Terms: 30% for every customer transaction
PS-380,StampEzee,PartnerStack,AI / SAAS,Global,Earn 100% of the first month's subscription or 30% recurring revenue share,30-90,Yes (Non-Brand Landing Page),No,No,Yes,Research (PartnerStack File Parsed),Web: PartnerStack | StampEzee is a digital stamp card loyalty & rewards platform that helps retailers create a fully branded; automated loya. Terms: Earn 100% of the first month's subscription or 30% recurring
PS-381,Velory,PartnerStack,B2B SAAS,Global,"Earn a 20% commission on every signed customer you refer, paid throughout their first year.",30-90,Yes (Non-Brand Landing Page),No,No,Yes,Research (PartnerStack File Parsed),Web: PartnerStack | Velory automates IT Lifecycle Management; enabling secure; circular IT procurement and management. Companies can efficie. Terms: Earn a 20% commission on every signed customer you refer; pa
PS-382,AISQ,PartnerStack,HR / PAYROLL,Global,Earn $300 USD for every successful AISQ Meteor referral.,30-90,Yes (Non-Brand Landing Page),No,No,Yes,Research (PartnerStack File Parsed),Web: PartnerStack | Help agencies cut software costs and scale monthly retainers without hiring. AISQ Meteor gives them 10 elite tools in on. Terms: Earn $300 USD for every successful AISQ Meteor referral.
PS-383,Shiftie,PartnerStack,AI / SAAS,Global,20% commission on new customers for the first year!,30-90,Yes (Non-Brand Landing Page),No,No,Yes,Research (PartnerStack File Parsed),Web: PartnerStack | Staff scheduling made simple. Shiftie is a smart staff scheduling tool that simplifies rota planning; tracks availabilit. Terms: 20% commission on new customers for the first year!
PS-384,InMotion Hosting,PartnerStack,B2B SAAS,Global,Earn Up to 12% Recurring Commissions + Exclusive Client Discounts,30-90,Yes (Non-Brand Landing Page),No,No,Yes,Research (PartnerStack File Parsed),Web: PartnerStack | Become an InMotion Hosting Agency Partner and unlock exclusive benefits designed to help you grow your business and bett. Terms: Earn Up to 12% Recurring Commissions + Exclusive Client Disc
PS-385,CleverTap,PartnerStack,B2B SAAS,Global,"CleverTap is the world's leading AI-native customer engagement and retention platform, helping brands turn data into lasting customer relationships. Its intelligence layer, CleverAI™, uses real-time and historical data to decide the best message, offer, and moment for each customer, delivering 1:1 personalization across every channel and learning from outcomes to improve future decisions — replacing one-size-fits-all campaigns with relevant engagement that drives measurable business impact.",30-90,Yes (Non-Brand Landing Page),No,No,Yes,Research (PartnerStack File Parsed),Web: PartnerStack | PartnerStack Program. Terms: CleverTap is the world's leading AI-native customer engageme
PS-386,Atto,PartnerStack,HR / PAYROLL,Global,Earn 20% revenue share for the first 12 months of every sale made!,30-90,Yes (Non-Brand Landing Page),No,No,Yes,Research (PartnerStack File Parsed),Web: PartnerStack | Atto is the all-in-one app built to help hourly teams thrive. Trusted by 15;000+ businesses; Atto simplifies time tracki. Terms: Earn 20% revenue share for the first 12 months of every sale
PS-387,WorkWise Compliance,PartnerStack,HR / PAYROLL,Global,Refer and earn 25% of initial order and 10% renewal revenue. Resell with 50% profit share!,30-90,Yes (Non-Brand Landing Page),No,No,Yes,Research (PartnerStack File Parsed),Web: PartnerStack | WorkWise Compliance helps businesses simplify HR & Safety Compliance through dedicated experts and technology-backed sol. Terms: Refer and earn 25% of initial order and 10% renewal revenue.
PS-388,TestGorilla,PartnerStack,AI / SAAS,Global,Earn 10% commission for the first year of every new customer!,30-90,Yes (Non-Brand Landing Page),No,No,Yes,Research (PartnerStack File Parsed),Web: PartnerStack | SOURCE; SCREEN; SHORTLIST. ALL IN ONE PLACE. Partner with us and tap into the world’s largest skills‑tested talent pool;. Terms: Earn 10% commission for the first year of every new customer
PS-389,TheTop,PartnerStack,HR / PAYROLL,Global,Earn 50% Revenue Share for the first year of customer purchases!,30-90,Yes (Non-Brand Landing Page),No,No,Yes,Research (PartnerStack File Parsed),Web: PartnerStack | TheTop is an AI powered Chief of Staff that transforms the noise of your day into one clear daily brief. It cuts through. Terms: Earn 50% Revenue Share for the first year of customer purcha
PS-390,Confido Health,PartnerStack,HR / PAYROLL,Global,20% commission on every customer transaction for the first year.,30-90,Yes (Non-Brand Landing Page),No,No,Yes,Research (PartnerStack File Parsed),Web: PartnerStack | Confido Health’s 24/7 Healthcare Voice AI Agents work alongside your team; handling calls and updating your EHR/PMS in r. Terms: 20% commission on every customer transaction for the first y
PS-391,CrowdStrike,PartnerStack,HR / PAYROLL,Global,Earn $100 for every new customer!,30-90,Yes (Non-Brand Landing Page),No,No,Yes,Research (PartnerStack File Parsed),Web: PartnerStack | Experience the power of CrowdStrike's advanced cybersecurity protection; simplified for small and medium-sized business.. Terms: Earn $100 for every new customer!
PS-392,Typewise,PartnerStack,SALES / CRM,Global,20% recurring commission (up to $20k / customer),30-90,Yes (Non-Brand Landing Page),No,No,Yes,Research (PartnerStack File Parsed),Web: PartnerStack | Typewise is an enterprise-grade AI Agent Platform for customer service and sales. It autonomously handles omni-channel c. Terms: 20% recurring commission (up to $20k / customer)
PS-393,Unleashed Software by The Access Group,PartnerStack,SALES / CRM,Global,New Program! Get a $500 Payout for every Successful Referral. Join Today!,30-90,Yes (Non-Brand Landing Page),No,No,Yes,Research (PartnerStack File Parsed),Web: PartnerStack | Outgrown spreadsheets or basic accounting software? Unleashed is AI-powered inventory management built for wholesalers; . Terms: New Program! Get a $500 Payout for every Successful Referral
PS-394,Compliancely,PartnerStack,AI / SAAS,Global,Earn 15% on all customer transactions in their first year!,30-90,Yes (Non-Brand Landing Page),No,No,Yes,Research (PartnerStack File Parsed),Web: PartnerStack | At Compliancely; we simplify regulatory compliance for businesses of any size. Our real-time global identity verificatio. Terms: Earn 15% on all customer transactions in their first year!
PS-395,PartnerCentric,PartnerStack,HR / PAYROLL,Global,Earn up to $135 per qualified lead!,30-90,Yes (Non-Brand Landing Page),No,No,Yes,Research (PartnerStack File Parsed),Web: PartnerStack | PartnerCentric is a leading affiliate and partnership marketing agency that helps brands drive measurable growth through. Terms: Earn up to $135 per qualified lead!
PS-396,Clutch,PartnerStack,B2B SAAS,Global,Earn 25% Revenue Share on Every Qualified Lead,30-90,Yes (Non-Brand Landing Page),No,No,Yes,Research (PartnerStack File Parsed),Web: PartnerStack | Clutch powers how businesses discover; evaluate; and hire the right B2B service partners.. Terms: Earn 25% Revenue Share on Every Qualified Lead
PS-397,Consentz,PartnerStack,B2B SAAS,Global,Earn $125 for each new customer you refer,30-90,Yes (Non-Brand Landing Page),No,No,Yes,Research (PartnerStack File Parsed),Web: PartnerStack | Consentz is the platform that transforms how beauty and wellness clinics operate – patient bookings; medical records; an. Terms: Earn $125 for each new customer you refer
PS-398,Staytuned Digital,PartnerStack,B2B SAAS,Global,20.0% for every paid plan referral,30-90,Yes (Non-Brand Landing Page),No,No,Yes,Research (PartnerStack File Parsed),Web: PartnerStack | We empower merchants worldwide with easy-to-use software tools to effectively grow their businesses. Parent company: Zen. Terms: 20.0% for every paid plan referral
PS-399,RemotePeople,PartnerStack,HR / PAYROLL,Global,Earn $1500 for every new paying customer,30-90,Yes (Non-Brand Landing Page),No,No,Yes,Research (PartnerStack File Parsed),Web: PartnerStack | RemotePeople makes it easy for your clients to hire anyone; anywhere - without setting up foreign entities or navigating. Terms: Earn $1500 for every new paying customer
PS-400,Sentaro,PartnerStack,HR / PAYROLL,Global,Earn up to 35% revenue share for the life of the customer,30-90,Yes (Non-Brand Landing Page),No,No,Yes,Research (PartnerStack File Parsed),Web: PartnerStack | Sentaro helps partners deliver modern email security to SMEs facing rapidly increasing AI driven phishing and fraud. Tra. Terms: Earn up to 35% revenue share for the life of the customer
PS-401,Niural AI,PartnerStack,HR / PAYROLL,Global,"Earn $250 for leads, and significant revshare as a professional partner for referred customers.",30-90,Yes (Non-Brand Landing Page),No,No,Yes,Research (PartnerStack File Parsed),Web: PartnerStack | Niural AI is the first US PEO and Global Payroll platform built with automated intelligence and robust compliance. Our s. Terms: Earn $250 for leads; and significant revshare as a professio
PS-402,Voye Global,PartnerStack,PROXIES / DATA,Global,Earn 15% commission per paid customer (up to $200/year),30-90,Yes (Non-Brand Landing Page),No,No,Yes,Research (PartnerStack File Parsed),Web: PartnerStack | Voye Data Pool is a global mobile data solution for companies with travelling employees and connected devices. Instead o. Terms: Earn 15% commission per paid customer (up to $200/year)
PS-403,VEA,PartnerStack,AI / SAAS,Global,Earn up to 30% recurring revenue share for the first 12 months of every customer you refer,30-90,Yes (Non-Brand Landing Page),No,No,Yes,Research (PartnerStack File Parsed),Web: PartnerStack | VEA is an AI powered business management platform for solopreneurs and small teams. One dashboard for customers; invoici. Terms: Earn up to 30% recurring revenue share for the first 12 mont
PS-404,TestDriver.ai,PartnerStack,AI / SAAS,Global,30% for every transaction for the customer's first year,30-90,Yes (Non-Brand Landing Page),No,No,Yes,Research (PartnerStack File Parsed),Web: PartnerStack | TestDriver reduces manual testing costs by 94% while performing tasks 3× faster than human-powered testing.. Terms: 30% for every transaction for the customer's first year
PS-405,Prescient Security,PartnerStack,B2B SAAS,Global,Earn 12.5% for Net New Referral!,30-90,Yes (Non-Brand Landing Page),No,No,Yes,Research (PartnerStack File Parsed),Web: PartnerStack | Prescient Security is a Global Top 20 Independent Audit and Penetration Testing Company; delivering unparalleled quality. Terms: Earn 12.5% for Net New Referral!
PS-406,Parim Workforce Software,PartnerStack,HR / PAYROLL,Global,Earn 25% commission on year 1 revenue (average customer value $550-$750/mo),30-90,Yes (Non-Brand Landing Page),No,No,Yes,Research (PartnerStack File Parsed),Web: PartnerStack | Parim is a modern workforce management platform for shift-based industries; combining scheduling; time & attendance; com. Terms: Earn 25% commission on year 1 revenue (average customer valu
PS-407,Auware by Buyist,PartnerStack,AI / SAAS,Global,Earn 35% rev share on new subs thru 6/30; 30% thereafter. (Avg ACV ≈ $2.4K/yr),30-90,Yes (Non-Brand Landing Page),No,No,Yes,Research (PartnerStack File Parsed),Web: PartnerStack | Most ads die at the landing page. Auware fixes that. We identify your top audiences and auto-generate persona-specific p. Terms: Earn 35% rev share on new subs thru 6/30; 30% thereafter. (A
PS-408,Nouswise,PartnerStack,AI / SAAS,Global,Earn first year 25% on paid signups (ACV $500) + $300 per paid Business signups!,30-90,Yes (Non-Brand Landing Page),No,No,Yes,Research (PartnerStack File Parsed),Web: PartnerStack | AI-powered research agent and thinking partner grounded in the sources you trust the most — #1 source-grounded AI tool.. Terms: Earn first year 25% on paid signups (ACV $500) + $300 per pa
PS-409,LucroVox,PartnerStack,AI / SAAS,Global,Earn 40% first month + 25% recurring on $199-$999/mo plans. That's $80-$400 per referral in month one.,30-90,Yes (Non-Brand Landing Page),No,No,Yes,Research (PartnerStack File Parsed),Web: PartnerStack | Your clients run HVAC; plumbing; electrical; dental; and legal businesses — and they're losing thousands to missed calls. Terms: Earn 40% first month + 25% recurring on $199-$999/mo plans. 
PS-410,ExpertEx,PartnerStack,B2B SAAS,Global,"Unlimited referrals, 25% recurring commission for 12 months on every new customer's spending.",30-90,Yes (Non-Brand Landing Page),No,No,Yes,Research (PartnerStack File Parsed),Web: PartnerStack | ExpertEx turns any product into studio-quality photos; video ads; and UGC in minutes — no photographer; no studio; no ed. Terms: Unlimited referrals; 25% recurring commission for 12 months 
PS-411,Springbolt ID,PartnerStack,HR / PAYROLL,Global,40% revenue share for customer lifetime,30-90,Yes (Non-Brand Landing Page),No,No,Yes,Research (PartnerStack File Parsed),Web: PartnerStack | About Springbolt Web Visitor ID Most website traffic leaves without a trace. Springbolt identifies the actual people vis. Terms: 40% revenue share for customer lifetime
PS-412,accessiBe,PartnerStack,AI / SAAS,Global,Earn up to 30% recurring commission.,30-90,Yes (Non-Brand Landing Page),No,No,Yes,Research (PartnerStack File Parsed),Web: PartnerStack | accessiBe is an end-to-end accessibility platform unifying AI automation; developer tools; and expert services to help o. Terms: Earn up to 30% recurring commission.
PS-413,Stratos Development Group,PartnerStack,AI / SAAS,Global,"Earn $2,000 to $3,000+ per month for the lifetime of every client you refer (8% of gross receipts, average 36 month engagement)",30-90,Yes (Non-Brand Landing Page),No,No,Yes,Research (PartnerStack File Parsed),Web: PartnerStack | Stratos builds custom software; AI; and integration systems for companies that have outgrown off-the-shelf tools. We ope. Terms: Earn $2;000 to $3;000+ per month for the lifetime of every c
PS-414,Datarails,PartnerStack,PROXIES / DATA,Global,"Earn $500 per qualified lead + $5,000 for every closed deal",30-90,Yes (Non-Brand Landing Page),No,No,Yes,Research (PartnerStack File Parsed),Web: PartnerStack | Datarails is an AI-powered FinanceOS that automates FP&A while letting teams stay in Excel. We bridge the gap between ma. Terms: Earn $500 per qualified lead + $5;000 for every closed deal
PS-415,BetterLife Real Estate Funding,PartnerStack,B2B SAAS,Global,Earn $700 per successful referral,30-90,Yes (Non-Brand Landing Page),No,No,Yes,Research (PartnerStack File Parsed),Web: PartnerStack | BetterLife Real Estate Funding (BetterLife REF) specializes in DSCR loans and creative lending solutions built specifica. Terms: Earn $700 per successful referral
PS-416,Bread & Butter IO Inc.,PartnerStack,SALES / CRM,Global,"50% recurring commission on every Pro account for its first 12 months, about $294 per account (based on $49/mo Pro), 10 accounts = $2940 for the first 12 months",30-90,Yes (Non-Brand Landing Page),No,No,Yes,Research (PartnerStack File Parsed),Web: PartnerStack | Bread & Butter is an AI-powered lead intelligence platform that helps you track and scale what converts into revenue. It. Terms: 50% recurring commission on every Pro account for its first 
PS-417,Plansom,PartnerStack,B2B SAAS,Global,20% for every customer transaction for the first year of customer purchases,30-90,Yes (Non-Brand Landing Page),No,No,Yes,Research (PartnerStack File Parsed),Web: PartnerStack | Imagine if all your documents had plans. Plansom turns any document into SMART goals and a shareable execution plan in s. Terms: 20% for every customer transaction for the first year of cus
PS-418,Ploy.ai,PartnerStack,SEO / MARKETING,Global,Earn 50% for 12 months for referred customers!,30-90,Yes (Non-Brand Landing Page),No,No,Yes,Research (PartnerStack File Parsed),Web: PartnerStack | Ploy is an AI-powered marketing platform platform that turns your website into a growth engine. Ploy builds; optimize; a. Terms: Earn 50% for 12 months for referred customers!
PS-419,Zedonk,PartnerStack,SALES / CRM,Global,Accelerate your earnings with Zedonk! 20% commission on new orders,30-90,Yes (Non-Brand Landing Page),No,No,Yes,Research (PartnerStack File Parsed),Web: PartnerStack | Zedonk is a cloud-based; affordable and modular PLM; ERP; and digital showroom platform for fashion brands. Trusted by 1. Terms: Accelerate your earnings with Zedonk! 20% commission on new 
PS-420,GCheck,PartnerStack,HR / PAYROLL,Global,"Earn $150 for each customer acquisition ($50 for a completed demo, and $100 upon contract signed)",30-90,Yes (Non-Brand Landing Page),No,No,Yes,Research (PartnerStack File Parsed),Web: PartnerStack | GCheck is an FCRA-compliant background screening platform for mid-market HR teams and staffing agencies. Services includ. Terms: Earn $150 for each customer acquisition ($50 for a completed
PS-421,P3MO Ltd,PartnerStack,B2B SAAS,Global,P3MO Co-Sell Partner Programme,30-90,Yes (Non-Brand Landing Page),No,No,Yes,Research (PartnerStack File Parsed),Web: PartnerStack | P3MO was founded 2019; to provide a platform that gives clarity; control and confidence to business leaders frustrated w. Terms: P3MO Co-Sell Partner Programme
PS-422,AFTRDRK,PartnerStack,HR / PAYROLL,Global,20% Revenue Share on every deal and renewal!,30-90,Yes (Non-Brand Landing Page),No,No,Yes,Research (PartnerStack File Parsed),Web: PartnerStack | AFTRDRK's DRK Web Surveillance (DWS) gives you real cyber threat intelligence signals that come from where the real acti. Terms: 20% Revenue Share on every deal and renewal!
PS-423,Pecan AI Ltd,PartnerStack,PROXIES / DATA,Global,Earn $100 for every SQL,30-90,Yes (Non-Brand Landing Page),No,No,Yes,Research (PartnerStack File Parsed),Web: PartnerStack | Pecan turns data a company already has into predictions about what happens next: churn; conversion; demand; lifetime val. Terms: Earn $100 for every SQL
PS-424,Bitscale,PartnerStack,SALES / CRM,Global,Earn 20%–30% revenue share for as long as the customers you refer stay with Bitscale!,30-90,Yes (Non-Brand Landing Page),No,No,Yes,Research (PartnerStack File Parsed),Web: PartnerStack | Bitscale is the GTM Data layer for your CRM.. Terms: Earn 20%–30% revenue share for as long as the customers you 
PS-425,SupportBee,PartnerStack,EMAIL / OUTREACH,Global,20.0% of every customer transaction for the first year!,30-90,Yes (Non-Brand Landing Page),No,No,Yes,Research (PartnerStack File Parsed),Web: PartnerStack | Email ticketing software for customer support. SupportBee offers a collaborative team inbox; knowledge base; and custome. Terms: 20.0% of every customer transaction for the first year!
PS-426,Fast Bundle,PartnerStack,AI / SAAS,Global,Earn a 25% revenue share on every subscription payment from Shopify merchants you refer.,30-90,Yes (Non-Brand Landing Page),No,No,Yes,Research (PartnerStack File Parsed),Web: PartnerStack | Fast Bundle is a Shopify app for creating flexible; high-converting product bundles. Offer mix & match; volume discounts. Terms: Earn a 25% revenue share on every subscription payment from 
PS-427,Mycroft,PartnerStack,B2B SAAS,Global,Earn $250 for every customer transaction! | | |,30-90,Yes (Non-Brand Landing Page),No,No,Yes,Research (PartnerStack File Parsed),Web: PartnerStack | Mycroft brings risk management; vulnerability management; and compliance into a single platform automating control monit. Terms: Earn $250 for every customer transaction! | | |
